[{"model": "contenttypes.contenttype", "fields": {"app_label": "admin", "model": "logentry"}}, {"model": "contenttypes.contenttype", "fields": {"app_label": "auth", "model": "permission"}}, {"model": "contenttypes.contenttype", "fields": {"app_label": "auth", "model": "group"}}, {"model": "contenttypes.contenttype", "fields": {"app_label": "auth", "model": "user"}}, {"model": "contenttypes.contenttype", "fields": {"app_label": "contenttypes", "model": "contenttype"}}, {"model": "contenttypes.contenttype", "fields": {"app_label": "sessions", "model": "session"}}, {"model": "contenttypes.contenttype", "fields": {"app_label": "organizer", "model": "book"}}, {"model": "contenttypes.contenttype", "fields": {"app_label": "organizer", "model": "subject"}}, {"model": "contenttypes.contenttype", "fields": {"app_label": "organizer", "model": "dailyentry"}}, {"model": "contenttypes.contenttype", "fields": {"app_label": "organizer", "model": "dailyextra"}}, {"model": "contenttypes.contenttype", "fields": {"app_label": "organizer", "model": "homeworkentry"}}, {"model": "contenttypes.contenttype", "fields": {"app_label": "organizer", "model": "weeklyschedule"}}, {"model": "contenttypes.contenttype", "fields": {"app_label": "organizer", "model": "user"}}, {"model": "sessions.session", "pk": "02sxt795sh7yrhpvk12202o2viuqw2mg", "fields": {"session_data": ".eJxVjDEOwyAUQ-_CXCH-DxDo2D1nQBA-JW0FUkimqncvkTK0m-1n-82c37fs9karWyK7MmCX3yz4-UnlAPHhy73yuZZtXQI_KvykjU810ut2dv8Osm-5rw2CEslGVCi1sFrDAEYpNYIkJJDBhgSaLGqRoBsT0UMXs4VxoGjY5wuaqzaJ:1uzA2Y:44_IX1cdVBgZXid0uWlc_hvIYXZl06vbNrDnTn_jvRE", "expire_date": "2025-10-02T08:30:54.315Z"}}, {"model": "sessions.session", "pk": "02wfm61warfo21ux5yk72n6uyvben5xc", "fields": {"session_data": ".eJxVjMsOwiAQRf-FtSHCDC-X7v0GMjBEqgaS0q6M_26bdKHbe865bxFpXWpcR5njxOIilDj9bonys7Qd8IPavcvc2zJPSe6KPOiQt87ldT3cv4NKo251YM8-GIsJODsApZ0vAB5RWZOd0eqs2ZOxhBt2zhCSDYEDgWVkJT5fsQc2mw:1uywz4:dlUD89naEO22QtrdgTa9OA9lJ5fbX_li72P7oWNbjPo", "expire_date": "2025-10-01T18:34:26.210Z"}}, {"model": "sessions.session", "pk": "08ve6ztko4tpyru6p8oyr1y81zyj6ixr", "fields": {"session_data": ".eJxVjDEOwyAUQ-_CXCH-DxDo2D1nQBA-JW0FUkimqncvkTK0m-1n-82c37fs9karWyK7MmCX3yz4-UnlAPHhy73yuZZtXQI_KvykjU810ut2dv8Osm-5rw2CEslGVCi1sFrDAEYpNYIkJJDBhgSaLGqRoBsT0UMXs4VxoGjY5wuaqzaJ:1uz82C:rffiaEAKcN_L7BiazeG4FCSDTwVQyfo5kgHXBZXdPmM", "expire_date": "2025-10-02T06:22:24.606Z"}}, {"model": "sessions.session", "pk": "0a87nu6kls6n93nzs6szxh05e7hkukxv", "fields": {"session_data": ".eJxVjDEOwyAUQ-_CXCH-DxDo2D1nQBA-JW0FUkimqncvkTK0m-1n-82c37fs9karWyK7MmCX3yz4-UnlAPHhy73yuZZtXQI_KvykjU810ut2dv8Osm-5rw2CEslGVCi1sFrDAEYpNYIkJJDBhgSaLGqRoBsT0UMXs4VxoGjY5wuaqzaJ:1uz7rl:AgKrCdtK_o6cLLfX-hXCSzoQc7d7F9NKLfttn_hZj1A", "expire_date": "2025-10-02T06:11:37.229Z"}}, {"model": "sessions.session", "pk": "0fbs46rxha099dcttxl0op2yqcqcid5p", "fields": {"session_data": ".eJxVjMsOwiAQRf-FtSHCDC-X7v0GMjBEqgaS0q6M_26bdKHbe865bxFpXWpcR5njxOIilDj9bonys7Qd8IPavcvc2zJPSe6KPOiQt87ldT3cv4NKo251YM8-GIsJODsApZ0vAB5RWZOd0eqs2ZOxhBt2zhCSDYEDgWVkJT5fsQc2mw:1uywpF:IjiJsCWECQ34Z8NMmFqsOymfO942UgMl41bb-t2MN9g", "expire_date": "2025-10-01T18:24:17.775Z"}}, {"model": "sessions.session", "pk": "0g0t4lpnarwhyj8818z6n6bh8v4h4h30", "fields": {"session_data": ".eJxVjMsOwiAQRf-FtSHCDC-X7v0GMjBEqgaS0q6M_26bdKHbe865bxFpXWpcR5njxOIilDj9bonys7Qd8IPavcvc2zJPSe6KPOiQt87ldT3cv4NKo251YM8-GIsJODsApZ0vAB5RWZOd0eqs2ZOxhBt2zhCSDYEDgWVkJT5fsQc2mw:1uyx5W:G0JVUUUbsOdcfQ4Qmwr-3AmKDMKGcrcRMbQ5lTtP584", "expire_date": "2025-10-01T18:41:06.745Z"}}, {"model": "sessions.session", "pk": "0ip4knhj95m0k4pddzfak5xu3xp7ki5e", "fields": {"session_data": ".eJxVjDEOwyAUQ-_CXCH-DxDo2D1nQBA-JW0FUkimqncvkTK0m-1n-82c37fs9karWyK7MmCX3yz4-UnlAPHhy73yuZZtXQI_KvykjU810ut2dv8Osm-5rw2CEslGVCi1sFrDAEYpNYIkJJDBhgSaLGqRoBsT0UMXs4VxoGjY5wuaqzaJ:1uz7yX:KcCY_-_iCWU3aLFKBCyI6qOo3WK8C55iGCV_eEmRW3A", "expire_date": "2025-10-02T06:18:37.554Z"}}, {"model": "sessions.session", "pk": "0jc8c7fs05kq4sxroad62nkeo4j15ddx", "fields": {"session_data": ".eJxVjMsOwiAQRf-FtSHCDC-X7v0GMjBEqgaS0q6M_26bdKHbe865bxFpXWpcR5njxOIilDj9bonys7Qd8IPavcvc2zJPSe6KPOiQt87ldT3cv4NKo251YM8-GIsJODsApZ0vAB5RWZOd0eqs2ZOxhBt2zhCSDYEDgWVkJT5fsQc2mw:1uyxK6:Ti1R4LoYV0hd_4ovlbJ_6rZ314rJlDdPAADGtz0IpXM", "expire_date": "2025-10-01T18:56:10.064Z"}}, {"model": "sessions.session", "pk": "0zi7ibe1cmgbo5c3xyr83welyrvpwxzx", "fields": {"session_data": ".eJxVjMsOwiAQRf-FtSHCDC-X7v0GMjBEqgaS0q6M_26bdKHbe865bxFpXWpcR5njxOIilDj9bonys7Qd8IPavcvc2zJPSe6KPOiQt87ldT3cv4NKo251YM8-GIsJODsApZ0vAB5RWZOd0eqs2ZOxhBt2zhCSDYEDgWVkJT5fsQc2mw:1uyy8J:jvaTrtT73jTmJohx-t8YQQfqomiJg0JL_79szmPzxDs", "expire_date": "2025-10-01T19:48:03.404Z"}}, {"model": "sessions.session", "pk": "10p1qakjqyp8256gmdsi9as49272h3m7", "fields": {"session_data": ".eJxVjDEOwyAUQ-_CXCH-DxDo2D1nQBA-JW0FUkimqncvkTK0m-1n-82c37fs9karWyK7MmCX3yz4-UnlAPHhy73yuZZtXQI_KvykjU810ut2dv8Osm-5rw2CEslGVCi1sFrDAEYpNYIkJJDBhgSaLGqRoBsT0UMXs4VxoGjY5wuaqzaJ:1uz7zU:PhbkDvWszKj-hiTZITXRPhYhqY4rtfr1pvdOvPvy1eY", "expire_date": "2025-10-02T06:19:36.739Z"}}, {"model": "sessions.session", "pk": "1lbc5vef2i215yw6s31b8mlv6atybiiv", "fields": {"session_data": ".eJxVjssOwiAURP-FtSHC5enSvd9ALlxSqoYmha6M_25JmqjbOTOT82IBt17C1vIaZmIXJtjpN4uYHrkOQHes08LTUvs6Rz4q_KCN3xbKz-vR_Tso2Mq-9uTIeW1UBEoWQEjrMoBTShidrJbiLMmhNqh2bK1GhcZ78giGFA2rjuuU-1cV3h8AYz1J:1uyyW8:hyU7IBMmh-Za5OMN8kZg1Kt5Y7N4iks9Nt36j7MqMc8", "expire_date": "2025-10-01T20:12:40.476Z"}}, {"model": "sessions.session", "pk": "1zo53bebd1ynd6t0o9wq47e8j3aut2l5", "fields": {"session_data": ".eJxVjMsOwiAQRf-FtSEgyMOl-34DmRmmUjWQlHZl_HfbpAvd3nPOfYsE61LS2nlOUxZXoY04_Y4I9OS6k_yAem-SWl3mCeWuyIN2ObTMr9vh_h0U6GWrkQE9aQuKnPfWhhxo5BgvoyZyZxe8UjEgIcImRjKWHCtCkyM6G0h8viidOP4:1uyw1l:sslDI0c8aFsPFmjEXqfqHRQP0vDC__mYWNVoojzEjgg", "expire_date": "2025-10-01T17:33:09.174Z"}}, {"model": "sessions.session", "pk": "26vmp0od98mc038ujmdwf3xsvtgxgrp1", "fields": {"session_data": ".eJxVjMsOwiAURP-FtSHQmwp16d5vIPcBUjWQlHZl_Hdp0oVmdnPOzFsF3NYcthaXMIu6KFCn346Qn7HsQB5Y7lVzLesyk94VfdCmb1Xi63q4fwcZW-5rcuwYjfHEPAownEdkY6GHxFOKMKA1HmmgBJwQp24L24mMIKBTny8L4zlF:1uywdw:FiPiUgFjoi77j4e-qZtHDiePWHu85rtXA7mjdYC7D_o", "expire_date": "2025-10-01T18:12:36.407Z"}}, {"model": "sessions.session", "pk": "2917s4kpkci3im5jp32o9ultdqo55bdf", "fields": {"session_data": ".eJxVjDEOwyAUQ-_CXCH-DxDo2D1nQBA-JW0FUkimqncvkTK0m-1n-82c37fs9karWyK7MmCX3yz4-UnlAPHhy73yuZZtXQI_KvykjU810ut2dv8Osm-5rw2CEslGVCi1sFrDAEYpNYIkJJDBhgSaLGqRoBsT0UMXs4VxoGjY5wuaqzaJ:1uz842:ZNkvpyK5ZuL0KooXRcHnhrnM9GqRY1ksd2opE0Icy-w", "expire_date": "2025-10-02T06:24:18.374Z"}}, {"model": "sessions.session", "pk": "2kd2f2up0wzokub0kb7252c6yykrdaap", "fields": {"session_data": ".eJxVjMsOwiAQRf-FtSHCDC-X7v0GMjBEqgaS0q6M_26bdKHbe865bxFpXWpcR5njxOIilDj9bonys7Qd8IPavcvc2zJPSe6KPOiQt87ldT3cv4NKo251YM8-GIsJODsApZ0vAB5RWZOd0eqs2ZOxhBt2zhCSDYEDgWVkJT5fsQc2mw:1uyx7q:RoVkk-2Bw6frF_fBvq3GXkEJ0vAXiTV5dTMVxMiWxdY", "expire_date": "2025-10-01T18:43:30.345Z"}}, {"model": "sessions.session", "pk": "2s6eo4lmfwe2wo63ccb4snynn55nwnls", "fields": {"session_data": ".eJxVjMsOwiAQRf-FtSHCDC-X7v0GMjBEqgaS0q6M_26bdKHbe865bxFpXWpcR5njxOIilDj9bonys7Qd8IPavcvc2zJPSe6KPOiQt87ldT3cv4NKo251YM8-GIsJODsApZ0vAB5RWZOd0eqs2ZOxhBt2zhCSDYEDgWVkJT5fsQc2mw:1uyyEw:Aq_CbraaBQRbclDuJff23yvjsd89QGfolAP0GhycIpI", "expire_date": "2025-10-01T19:54:54.250Z"}}, {"model": "sessions.session", "pk": "2ty7bfm6wlg1piw9gn3byoogwb2ws9mv", "fields": {"session_data": ".eJxVjMsOwiAQRf-FtSHCDC-X7v0GMjBEqgaS0q6M_26bdKHbe865bxFpXWpcR5njxOIilDj9bonys7Qd8IPavcvc2zJPSe6KPOiQt87ldT3cv4NKo251YM8-GIsJODsApZ0vAB5RWZOd0eqs2ZOxhBt2zhCSDYEDgWVkJT5fsQc2mw:1uyxyr:87VgIxGQowp3gh-Vx3ZoP1YnHdCq99KLLFPp-y3jcao", "expire_date": "2025-10-01T19:38:17.351Z"}}, {"model": "sessions.session", "pk": "2z6yt6u3yufeeniwvhgveihoeioojbzl", "fields": {"session_data": ".eJxVjMsOwiAQRf-FtSHCDC-X7v0GMjBEqgaS0q6M_26bdKHbe865bxFpXWpcR5njxOIilDj9bonys7Qd8IPavcvc2zJPSe6KPOiQt87ldT3cv4NKo251YM8-GIsJODsApZ0vAB5RWZOd0eqs2ZOxhBt2zhCSDYEDgWVkJT5fsQc2mw:1uyyOr:e38bH6xg7epS5QYloCa2NJHJOkWzW6-H2ZPptxr5GMs", "expire_date": "2025-10-01T20:05:09.710Z"}}, {"model": "sessions.session", "pk": "307umcmxq83tkjzly9axgonhct4byoy0", "fields": {"session_data": ".eJxVjMsOwiAQRf-FtSHCDC-X7v0GMjBEqgaS0q6M_26bdKHbe865bxFpXWpcR5njxOIilDj9bonys7Qd8IPavcvc2zJPSe6KPOiQt87ldT3cv4NKo251YM8-GIsJODsApZ0vAB5RWZOd0eqs2ZOxhBt2zhCSDYEDgWVkJT5fsQc2mw:1uywpt:sILH7SZlRtRcVO26wG-GG9mREUUFOs6reqPflC6mXGI", "expire_date": "2025-10-01T18:24:57.525Z"}}, {"model": "sessions.session", "pk": "3ei9pktk13g3oykbs5udd3i1pgauqgel", "fields": {"session_data": ".eJxVjMsOwiAQRf-FtSHCDC-X7v0GMjBEqgaS0q6M_26bdKHbe865bxFpXWpcR5njxOIilDj9bonys7Qd8IPavcvc2zJPSe6KPOiQt87ldT3cv4NKo251YM8-GIsJODsApZ0vAB5RWZOd0eqs2ZOxhBt2zhCSDYEDgWVkJT5fsQc2mw:1uyxrk:XOeX1FvT4qzayf9EFAU0labZE7yx80O61pWp5BeOBGI", "expire_date": "2025-10-01T19:30:56.013Z"}}, {"model": "sessions.session", "pk": "3gymk4qywd1i3oiaioxrd4j1u6w28ehf", "fields": {"session_data": ".eJxVjMsOwiAQRf-FtSHCDC-X7v0GMjBEqgaS0q6M_26bdKHbe865bxFpXWpcR5njxOIilDj9bonys7Qd8IPavcvc2zJPSe6KPOiQt87ldT3cv4NKo251YM8-GIsJODsApZ0vAB5RWZOd0eqs2ZOxhBt2zhCSDYEDgWVkJT5fsQc2mw:1uyxyI:vw5CAZ9ZhA7NBxUWauENhLaHGKMkRz8UuBgxLSvRP8s", "expire_date": "2025-10-01T19:37:42.922Z"}}, {"model": "sessions.session", "pk": "3lcx7ef9ox6ivz15ui23iykuxmb4tlmc", "fields": {"session_data": ".eJxVjDEOwyAUQ-_CXCH-DxDo2D1nQBA-JW0FUkimqncvkTK0m-1n-82c37fs9karWyK7MmCX3yz4-UnlAPHhy73yuZZtXQI_KvykjU810ut2dv8Osm-5rw2CEslGVCi1sFrDAEYpNYIkJJDBhgSaLGqRoBsT0UMXs4VxoGjY5wuaqzaJ:1uz9r2:4--EEka7LGyksLCq0s6U8xbzW6Fwl8X1gfmh2n-j7Ts", "expire_date": "2025-10-02T08:19:00.444Z"}}, {"model": "sessions.session", "pk": "4bjq8dqez6xuvn71o5m9cosdg500ys69", "fields": {"session_data": ".eJxVjMsOwiAQRf-FtSHCDC-X7v0GMjBEqgaS0q6M_26bdKHbe865bxFpXWpcR5njxOIilDj9bonys7Qd8IPavcvc2zJPSe6KPOiQt87ldT3cv4NKo251YM8-GIsJODsApZ0vAB5RWZOd0eqs2ZOxhBt2zhCSDYEDgWVkJT5fsQc2mw:1uyyCt:EqWoUgOY0t9fUDhuqPbNed-eVOWTS2PWdOVvLzQFV3c", "expire_date": "2025-10-01T19:52:47.026Z"}}, {"model": "sessions.session", "pk": "4eh9wkk8sw8vfedloixowxcu0rjxjq30", "fields": {"session_data": ".eJxVjMsOwiAQRf-FtSHCDC-X7v0GMjBEqgaS0q6M_26bdKHbe865bxFpXWpcR5njxOIilDj9bonys7Qd8IPavcvc2zJPSe6KPOiQt87ldT3cv4NKo251YM8-GIsJODsApZ0vAB5RWZOd0eqs2ZOxhBt2zhCSDYEDgWVkJT5fsQc2mw:1uz6q7:Maalx1BUgyyGHK43o1iNy9ii8L64LdhuSKhwQfsz1Jc", "expire_date": "2025-10-02T05:05:51.625Z"}}, {"model": "sessions.session", "pk": "4fmdw3a2ay3fvobw1voykqcybi2viryb", "fields": {"session_data": ".eJxVjMsOwiAQRf-FtSHCDC-X7v0GMjBEqgaS0q6M_26bdKHbe865bxFpXWpcR5njxOIilDj9bonys7Qd8IPavcvc2zJPSe6KPOiQt87ldT3cv4NKo251YM8-GIsJODsApZ0vAB5RWZOd0eqs2ZOxhBt2zhCSDYEDgWVkJT5fsQc2mw:1uywyl:M7ZxnHymiAyit7OWhT25WM2Dm_qDVpjA5TEKFfHG3S4", "expire_date": "2025-10-01T18:34:07.515Z"}}, {"model": "sessions.session", "pk": "4hqpzwe3pr2zcu1joo259n5us1m62bh3", "fields": {"session_data": ".eJxVjMsOwiAQRf-FtSHCDC-X7v0GMjBEqgaS0q6M_26bdKHbe865bxFpXWpcR5njxOIilDj9bonys7Qd8IPavcvc2zJPSe6KPOiQt87ldT3cv4NKo251YM8-GIsJODsApZ0vAB5RWZOd0eqs2ZOxhBt2zhCSDYEDgWVkJT5fsQc2mw:1uywxQ:ZUyujTny2aKadin6TaoyFlGDMhldWYIE_m_2wNjPD3k", "expire_date": "2025-10-01T18:32:44.333Z"}}, {"model": "sessions.session", "pk": "4kjmv5rsc8ourrjrwdkqt99fuxzliblm", "fields": {"session_data": ".eJxVjDEOwyAUQ-_CXCH-DxDo2D1nQBA-JW0FUkimqncvkTK0m-1n-82c37fs9karWyK7MmCX3yz4-UnlAPHhy73yuZZtXQI_KvykjU810ut2dv8Osm-5rw2CEslGVCi1sFrDAEYpNYIkJJDBhgSaLGqRoBsT0UMXs4VxoGjY5wuaqzaJ:1uz82r:tZbyp26T8zeDN-9BsIN_pbnICGskoAY_DsfYIGdWuis", "expire_date": "2025-10-02T06:23:05.203Z"}}, {"model": "sessions.session", "pk": "4lk0fsamz9mu3tje01l7dxpg2a6ba68p", "fields": {"session_data": ".eJxVjMsOwiAQRf-FtSHCDC-X7v0GMjBEqgaS0q6M_26bdKHbe865bxFpXWpcR5njxOIilDj9bonys7Qd8IPavcvc2zJPSe6KPOiQt87ldT3cv4NKo251YM8-GIsJODsApZ0vAB5RWZOd0eqs2ZOxhBt2zhCSDYEDgWVkJT5fsQc2mw:1uyyNu:bWGYE2NRN2fVKqjb3Ay-E1aEZmkMCUSx9eGdIFtu3ys", "expire_date": "2025-10-01T20:04:10.180Z"}}, {"model": "sessions.session", "pk": "4qxwfiser3s0vv5brixe673m92v6jjci", "fields": {"session_data": ".eJxVjDEOwyAUQ-_CXCH-DxDo2D1nQBA-JW0FUkimqncvkTK0m-1n-82c37fs9karWyK7MmCX3yz4-UnlAPHhy73yuZZtXQI_KvykjU810ut2dv8Osm-5rw2CEslGVCi1sFrDAEYpNYIkJJDBhgSaLGqRoBsT0UMXs4VxoGjY5wuaqzaJ:1uz9x6:GKQ-IfCklTF19DgMlw2d2KJ0rKwdwzhBXYN0et7Rccw", "expire_date": "2025-10-02T08:25:16.599Z"}}, {"model": "sessions.session", "pk": "4sywp46xawoo9mxiu6cawxasvcq0oqwf", "fields": {"session_data": ".eJxVjEEOwiAQRe_C2hAQFHDpvmdoZpgZqRpISrsy3l2bdKHb_977LzXCupRx7TyPE6mLsurwuyHkB9cN0B3qrenc6jJPqDdF77TroRE_r7v7d1Cgl28tkiNTCjEAOBe8IHBgBCQRQw6tpByzidbFKPZoDIBN5E_m7BMJo3p_ACOwOSc:1uz6zC:p0-cPLoVOg4f9iB_xwknhDmZjwNCRcSO7VZVcHVoIRQ", "expire_date": "2025-10-02T05:15:14.166Z"}}, {"model": "sessions.session", "pk": "5vud1prn1o75x7cskrjj68xihiusy121", "fields": {"session_data": ".eJxVjMsOwiAQRf-FtSHCDC-X7v0GMjBEqgaS0q6M_26bdKHbe865bxFpXWpcR5njxOIilDj9bonys7Qd8IPavcvc2zJPSe6KPOiQt87ldT3cv4NKo251YM8-GIsJODsApZ0vAB5RWZOd0eqs2ZOxhBt2zhCSDYEDgWVkJT5fsQc2mw:1uyxKx:VvKXz5YcQeVeDBc7EG8cjPtO3pEi6gqoKnbWd5duPVs", "expire_date": "2025-10-01T18:57:03.147Z"}}, {"model": "sessions.session", "pk": "69jfkefbd54o3920w8qou1b7e30kz0ra", "fields": {"session_data": ".eJxVjMsOwiAQRf-FtSHCDC-X7v0GMjBEqgaS0q6M_26bdKHbe865bxFpXWpcR5njxOIilDj9bonys7Qd8IPavcvc2zJPSe6KPOiQt87ldT3cv4NKo251YM8-GIsJODsApZ0vAB5RWZOd0eqs2ZOxhBt2zhCSDYEDgWVkJT5fsQc2mw:1uyxzl:jxe00KIeljfMaShrb8qudvOetPF_dJFULE1NTnY7ZDs", "expire_date": "2025-10-01T19:39:13.751Z"}}, {"model": "sessions.session", "pk": "6ar5ej8j21i2ukm8ka6jm7ae0np0n0k4", "fields": {"session_data": ".eJxVjMsOwiAQRf-FtSHCDC-X7v0GMjBEqgaS0q6M_26bdKHbe865bxFpXWpcR5njxOIilDj9bonys7Qd8IPavcvc2zJPSe6KPOiQt87ldT3cv4NKo251YM8-GIsJODsApZ0vAB5RWZOd0eqs2ZOxhBt2zhCSDYEDgWVkJT5fsQc2mw:1uyxhW:BNgpE5nY5EUav9E6LXh_o8_eDqsQJoDw7VmI2uYisXI", "expire_date": "2025-10-01T19:20:22.859Z"}}, {"model": "sessions.session", "pk": "6b40a6894ei3y85hve7snk530pdx7908", "fields": {"session_data": ".eJxVjDEOwyAUQ-_CXCH-DxDo2D1nQBA-JW0FUkimqncvkTK0m-1n-82c37fs9karWyK7MmCX3yz4-UnlAPHhy73yuZZtXQI_KvykjU810ut2dv8Osm-5rw2CEslGVCi1sFrDAEYpNYIkJJDBhgSaLGqRoBsT0UMXs4VxoGjY5wuaqzaJ:1uz84J:heQVa_GibhDx7p4gkWSLquFPQnibaaeFwcNFOxFFStk", "expire_date": "2025-10-02T06:24:35.429Z"}}, {"model": "sessions.session", "pk": "6klwo6p2pgx10ulhcscet3n17iq1c52q", "fields": {"session_data": ".eJxVjDEOwyAUQ-_CXCH-DxDo2D1nQBA-JW0FUkimqncvkTK0m-1n-82c37fs9karWyK7MmCX3yz4-UnlAPHhy73yuZZtXQI_KvykjU810ut2dv8Osm-5rw2CEslGVCi1sFrDAEYpNYIkJJDBhgSaLGqRoBsT0UMXs4VxoGjY5wuaqzaJ:1uz8Ef:PGIX1IpzejXF-d85zYsynwHBBw2xxi0_eUBqX-PWJQQ", "expire_date": "2025-10-02T06:35:17.966Z"}}, {"model": "sessions.session", "pk": "6ptlr19iu9o3s894q95dnofrxyezsw63", "fields": {"session_data": ".eJxVjDEOwyAUQ-_CXCH-DxDo2D1nQBA-JW0FUkimqncvkTK0m-1n-82c37fs9karWyK7MmCX3yz4-UnlAPHhy73yuZZtXQI_KvykjU810ut2dv8Osm-5rw2CEslGVCi1sFrDAEYpNYIkJJDBhgSaLGqRoBsT0UMXs4VxoGjY5wuaqzaJ:1uz8md:5CzjpKwI15b_phJCn84_OMmMIsn30aIZu9cAnyXqrRc", "expire_date": "2025-10-02T07:10:23.592Z"}}, {"model": "sessions.session", "pk": "6s417jlv71z66auprkgfehcy6eivttu6", "fields": {"session_data": ".eJxVjMsOwiAQRf-FtSHCDC-X7v0GMjBEqgaS0q6M_26bdKHbe865bxFpXWpcR5njxOIilDj9bonys7Qd8IPavcvc2zJPSe6KPOiQt87ldT3cv4NKo251YM8-GIsJODsApZ0vAB5RWZOd0eqs2ZOxhBt2zhCSDYEDgWVkJT5fsQc2mw:1uyxVa:-P4eqjZaMpU2n0iNWRVKUsvmTyRE44j4W7rwi0QPS4o", "expire_date": "2025-10-01T19:08:02.613Z"}}, {"model": "sessions.session", "pk": "7m8mprrfprx2gvv5dathl6fbjzgj80zj", "fields": {"session_data": ".eJxVjMsOwiAQRf-FtSHCDC-X7v0GMjBEqgaS0q6M_26bdKHbe865bxFpXWpcR5njxOIilDj9bonys7Qd8IPavcvc2zJPSe6KPOiQt87ldT3cv4NKo251YM8-GIsJODsApZ0vAB5RWZOd0eqs2ZOxhBt2zhCSDYEDgWVkJT5fsQc2mw:1uyxf5:1lABgf4mAG2mRBh5mBJMMqrdTwKlBwUuzkR_fb7ziac", "expire_date": "2025-10-01T19:17:51.790Z"}}, {"model": "sessions.session", "pk": "7pdqas3j5i2ln0ktmdfdz9kggaof5abv", "fields": {"session_data": ".eJxVjDsOwjAQBe_iGlk2WfyhpM8ZrN31BgeQI8VJhbg7iZQC2jcz760SrktJa5M5jVldlQV1-h0J-Sl1J_mB9T5pnuoyj6R3RR-06X7K8rod7t9BwVa2mgTJswU07LwHCDnwIDFeBsvszi54Y2IgJsJNjNwBOzFMXY7kILD6fAEpNjj_:1uyw21:p5GUe49KZqJAbL2iyAPsLOqcCSLQvxhefhEY07DlyaM", "expire_date": "2025-10-01T17:33:25.283Z"}}, {"model": "sessions.session", "pk": "7tcwkqbe7ancp84vs5rao8d76q4ws1ey", "fields": {"session_data": ".eJxVjMsOwiAQRf-FtSHCDC-X7v0GMjBEqgaS0q6M_26bdKHbe865bxFpXWpcR5njxOIilDj9bonys7Qd8IPavcvc2zJPSe6KPOiQt87ldT3cv4NKo251YM8-GIsJODsApZ0vAB5RWZOd0eqs2ZOxhBt2zhCSDYEDgWVkJT5fsQc2mw:1uyy3N:4IW9HIVHx1Md_kM59QP2oiNpJFuvuHhA_eml6GsrOOo", "expire_date": "2025-10-01T19:42:57.399Z"}}, {"model": "sessions.session", "pk": "8d1t0sd0d8mnpr7kp6x88hp04skb1irq", "fields": {"session_data": ".eJxVjMsOwiAQRf-FtSHCDC-X7v0GMjBEqgaS0q6M_26bdKHbe865bxFpXWpcR5njxOIilDj9bonys7Qd8IPavcvc2zJPSe6KPOiQt87ldT3cv4NKo251YM8-GIsJODsApZ0vAB5RWZOd0eqs2ZOxhBt2zhCSDYEDgWVkJT5fsQc2mw:1uyxLg:paekGSg2M5TckVx3f5B5wyYJ9W4jCzAKu6kfY5SwS6g", "expire_date": "2025-10-01T18:57:48.342Z"}}, {"model": "sessions.session", "pk": "8vir2yc1z6ceoovr85arvf0u9qanel4v", "fields": {"session_data": ".eJxVjMsOwiAQRf-FtSHCDC-X7v0GMjBEqgaS0q6M_26bdKHbe865bxFpXWpcR5njxOIilDj9bonys7Qd8IPavcvc2zJPSe6KPOiQt87ldT3cv4NKo251YM8-GIsJODsApZ0vAB5RWZOd0eqs2ZOxhBt2zhCSDYEDgWVkJT5fsQc2mw:1uyxdg:LqqxCgNhBC1WNTSk1Gt60q8sslWj6tYm_4zV-DX24HE", "expire_date": "2025-10-01T19:16:24.502Z"}}, {"model": "sessions.session", "pk": "94s4u6btuytqt79c6jwjdkxvejvylzkd", "fields": {"session_data": ".eJxVjMsOwiAQRf-FtSHCDC-X7v0GMjBEqgaS0q6M_26bdKHbe865bxFpXWpcR5njxOIilDj9bonys7Qd8IPavcvc2zJPSe6KPOiQt87ldT3cv4NKo251YM8-GIsJODsApZ0vAB5RWZOd0eqs2ZOxhBt2zhCSDYEDgWVkJT5fsQc2mw:1uywxg:-qQAfoIqcfpVwxavf_hwKvcKV0Df2AGLoSigzPyPtNs", "expire_date": "2025-10-01T18:33:00.478Z"}}, {"model": "sessions.session", "pk": "98d2yib13bbxy0dpze9ynbjppzk1jjgq", "fields": {"session_data": ".eJxVjMsOwiAURP-FtSHQmwp16d5vIPcBUjWQlHZl_Hdp0oVmdnPOzFsF3NYcthaXMIu6KFCn346Qn7HsQB5Y7lVzLesyk94VfdCmb1Xi63q4fwcZW-5rcuwYjfHEPAownEdkY6GHxFOKMKA1HmmgBJwQp24L24mMIKBTny8L4zlF:1uyweQ:rsbJu9UzhHuYlsXWdyqCmVKBxws6Q9fd6RxXHabcxA8", "expire_date": "2025-10-01T18:13:06.872Z"}}, {"model": "sessions.session", "pk": "9y68g0eaeg1zpg7szq0vb5siqqvwkd3e", "fields": {"session_data": ".eJxVjDEOwyAUQ-_CXCH-DxDo2D1nQBA-JW0FUkimqncvkTK0m-1n-82c37fs9karWyK7MmCX3yz4-UnlAPHhy73yuZZtXQI_KvykjU810ut2dv8Osm-5rw2CEslGVCi1sFrDAEYpNYIkJJDBhgSaLGqRoBsT0UMXs4VxoGjY5wuaqzaJ:1uz9vp:PFmf5W8MPEP1QQxK7gSAhSfPfhDrAZZtX2jNEx3wyBg", "expire_date": "2025-10-02T08:23:57.303Z"}}, {"model": "sessions.session", "pk": "9z1q0mcanl5vxu1nxr6ntuqj1ukf57g3", "fields": {"session_data": ".eJxVjMsOwiAQRf-FtSHCDC-X7v0GMjBEqgaS0q6M_26bdKHbe865bxFpXWpcR5njxOIilDj9bonys7Qd8IPavcvc2zJPSe6KPOiQt87ldT3cv4NKo251YM8-GIsJODsApZ0vAB5RWZOd0eqs2ZOxhBt2zhCSDYEDgWVkJT5fsQc2mw:1uyxVE:jLgPvN4zMX5QAEZCt9GsM6gyMMNDNPueycda_Pall4k", "expire_date": "2025-10-01T19:07:40.013Z"}}, {"model": "sessions.session", "pk": "a4uc72k1amecpmk03ld6xiopbddqq7ch", "fields": {"session_data": ".eJxVjDEOwyAUQ-_CXCH-DxDo2D1nQBA-JW0FUkimqncvkTK0m-1n-82c37fs9karWyK7MmCX3yz4-UnlAPHhy73yuZZtXQI_KvykjU810ut2dv8Osm-5rw2CEslGVCi1sFrDAEYpNYIkJJDBhgSaLGqRoBsT0UMXs4VxoGjY5wuaqzaJ:1uz8rt:K28jUYJpecLGc2RhmKMAoU5oEKCBGZrvA12jEhAGZCM", "expire_date": "2025-10-02T07:15:49.370Z"}}, {"model": "sessions.session", "pk": "a5dttsxow4ar19nwcsl18bvarnvvegln", "fields": {"session_data": ".eJxVjDEOwyAUQ-_CXCH-DxDo2D1nQBA-JW0FUkimqncvkTK0m-1n-82c37fs9karWyK7MmCX3yz4-UnlAPHhy73yuZZtXQI_KvykjU810ut2dv8Osm-5rw2CEslGVCi1sFrDAEYpNYIkJJDBhgSaLGqRoBsT0UMXs4VxoGjY5wuaqzaJ:1uz9lC:M079uSR02gdfvpiVVAHvJ6FGnjxQ5fXvXDDyFwmwJ00", "expire_date": "2025-10-02T08:12:58.589Z"}}, {"model": "sessions.session", "pk": "aceuibylxrszxe8yr8yi1wek8hgky3uk", "fields": {"session_data": ".eJxVjEEOwiAQRe_C2hBqERiX7nsGMjNMpWogKe3KeHfbpAvd_vfef6uI65Lj2mSOU1JXBer0uxHyU8oO0gPLvWquZZkn0ruiD9r0UJO8bof7d5Cx5a0mQfLcWTTsvLc2pMCjAFzGjtmdXfDGQCAmwk0E7i07MUx9AnI2sPp8AQhCONM:1uyvyL:MuFl_eqMmZUQLtnfrlSA5zlP3wMDax64oNvj3jD5rM0", "expire_date": "2025-10-01T17:29:37.824Z"}}, {"model": "sessions.session", "pk": "amjtemh225ldbruy11xvgidxl8140y0a", "fields": {"session_data": ".eJxVjMsOwiAURP-FtSHQmwp16d5vIPcBUjWQlHZl_Hdp0oVmdnPOzFsF3NYcthaXMIu6KFCn346Qn7HsQB5Y7lVzLesyk94VfdCmb1Xi63q4fwcZW-5rcuwYjfHEPAownEdkY6GHxFOKMKA1HmmgBJwQp24L24mMIKBTny8L4zlF:1uywob:CJQMMyUrZXqP7ZdZNI_JweMe8xRXHQKOJIARDLMyMkM", "expire_date": "2025-10-01T18:23:37.815Z"}}, {"model": "sessions.session", "pk": "aq4q7dbdmsbc6kkq89ukkog5a388i7kv", "fields": {"session_data": ".eJxVjDEOwyAUQ-_CXCH-DxDo2D1nQBA-JW0FUkimqncvkTK0m-1n-82c37fs9karWyK7MmCX3yz4-UnlAPHhy73yuZZtXQI_KvykjU810ut2dv8Osm-5rw2CEslGVCi1sFrDAEYpNYIkJJDBhgSaLGqRoBsT0UMXs4VxoGjY5wuaqzaJ:1uz9s6:6mwPsP9YbgFDXw-paSpM2L3CsOuo5j3aWmL3rJr1Nf8", "expire_date": "2025-10-02T08:20:06.129Z"}}, {"model": "sessions.session", "pk": "awhhbq59ziojp6wwqgq9hupr6rldq11h", "fields": {"session_data": ".eJxVjDEOwyAUQ-_CXCH-DxDo2D1nQBA-JW0FUkimqncvkTK0m-1n-82c37fs9karWyK7MmCX3yz4-UnlAPHhy73yuZZtXQI_KvykjU810ut2dv8Osm-5rw2CEslGVCi1sFrDAEYpNYIkJJDBhgSaLGqRoBsT0UMXs4VxoGjY5wuaqzaJ:1uz8zm:XcxJ2w1__FR45f63zeJNaslffuiJixwBs7Hhu9BDmQw", "expire_date": "2025-10-02T07:23:58.141Z"}}, {"model": "sessions.session", "pk": "ax3426dlgir2hcfv27hryih0hwg6cawe", "fields": {"session_data": ".eJxVjMsOwiAQRf-FtSHCDC-X7v0GMjBEqgaS0q6M_26bdKHbe865bxFpXWpcR5njxOIilDj9bonys7Qd8IPavcvc2zJPSe6KPOiQt87ldT3cv4NKo251YM8-GIsJODsApZ0vAB5RWZOd0eqs2ZOxhBt2zhCSDYEDgWVkJT5fsQc2mw:1uyy5U:AkXdRj415osMYGrnSo3o4PqZgSGMqC_bFMrVVLhNQVU", "expire_date": "2025-10-01T19:45:08.725Z"}}, {"model": "sessions.session", "pk": "bsxtww0jb3eeb5utqplljtnbnzhjvr84", "fields": {"session_data": ".eJxVjMsOwiAQRf-FtSHCDC-X7v0GMjBEqgaS0q6M_26bdKHbe865bxFpXWpcR5njxOIilDj9bonys7Qd8IPavcvc2zJPSe6KPOiQt87ldT3cv4NKo251YM8-GIsJODsApZ0vAB5RWZOd0eqs2ZOxhBt2zhCSDYEDgWVkJT5fsQc2mw:1uyxW1:jwTovj3Fs-ewOBnmT4_t_fNSbJx-hVfzLZFVfiKulZY", "expire_date": "2025-10-01T19:08:29.185Z"}}, {"model": "sessions.session", "pk": "btv41sfqi7uydesfxxrqttkh6r711sbo", "fields": {"session_data": ".eJxVjEEOwiAQRe_C2hBqcQCX7nsGMjNMpWogKe3KeHfbpAvd_vfef6uI65Lj2mSOU1JXBer0uxHyU8oO0gPLvWquZZkn0ruiD9r0UJO8bof7d5Cx5a0mQXLcWTQMzlnrk-dRQriMHTOcwTtjgicmwk0M3FsGMUx9CgTWs_p8AQZ3ONA:1uyvxJ:WDKRgULo6Xi_s3p97HgCFszXkNe9D1HhqIjl4xwhIYM", "expire_date": "2025-10-01T17:28:33.246Z"}}, {"model": "sessions.session", "pk": "by44jramzu3pw4xtvcicmf6w9h8ro6ck", "fields": {"session_data": ".eJxVjMsOwiAURP-FtSHQmwp16d5vIPcBUjWQlHZl_Hdp0oVmdnPOzFsF3NYcthaXMIu6KFCn346Qn7HsQB5Y7lVzLesyk94VfdCmb1Xi63q4fwcZW-5rcuwYjfHEPAownEdkY6GHxFOKMKA1HmmgBJwQp24L24mMIKBTny8L4zlF:1uywcj:Op3laCHBTp1J1zfM_-xhjZLh-TMJBb_2oXeojGilI5o", "expire_date": "2025-10-01T18:11:21.768Z"}}, {"model": "sessions.session", "pk": "c2hlaywlgycc0kly6a890pg1cgrkan42", "fields": {"session_data": ".eJxVjMsOwiAQRf-FtSHCDC-X7v0GMjBEqgaS0q6M_26bdKHbe865bxFpXWpcR5njxOIilDj9bonys7Qd8IPavcvc2zJPSe6KPOiQt87ldT3cv4NKo251YM8-GIsJODsApZ0vAB5RWZOd0eqs2ZOxhBt2zhCSDYEDgWVkJT5fsQc2mw:1uyxBB:otbkfc7GEuUTHN0lIh_F8qrd0fM7yMI53cRCqIL7yOU", "expire_date": "2025-10-01T18:46:57.174Z"}}, {"model": "sessions.session", "pk": "cc2r3ygve1mw93xksvepszt3y6je37mt", "fields": {"session_data": ".eJxVjDEOwyAUQ-_CXCH-DxDo2D1nQBA-JW0FUkimqncvkTK0m-1n-82c37fs9karWyK7MmCX3yz4-UnlAPHhy73yuZZtXQI_KvykjU810ut2dv8Osm-5rw2CEslGVCi1sFrDAEYpNYIkJJDBhgSaLGqRoBsT0UMXs4VxoGjY5wuaqzaJ:1uz8rN:XOFdRIUJoZPNI9dvwiBBpkvEdSEQnqZupkijRmr6GS8", "expire_date": "2025-10-02T07:15:17.257Z"}}, {"model": "sessions.session", "pk": "chi5ch48xmcky4t3ydwrivhlbe63cl0o", "fields": {"session_data": ".eJxVjDsOwjAUBO_iGll2YvyhpOcM1ntrBweQI8VJhbg7iZQC2p2ZfYtI61Li2vIcxyQuQnfi9Dsy4ZnrTtKD6n2SmOoyjyx3RR60yduU8ut6uH8HhVrZas7EDtqQgnXOGJ88hhzCedCA7ax3SgXPYKZNDOgNbFbgPgW2xkN8vigEOP0:1uyw1I:McSWGmvmwFRaRECaMlft7MGL4lDIB6to1t5DFVBIqDk", "expire_date": "2025-10-01T17:32:40.645Z"}}, {"model": "sessions.session", "pk": "cj3t387prngvpwkcu4s6cr9oxdje74e1", "fields": {"session_data": ".eJxVjssOwiAURP-FtSHC5enSvd9ALlxSqoYmha6M_25JmqjbOTOT82IBt17C1vIaZmIXJtjpN4uYHrkOQHes08LTUvs6Rz4q_KCN3xbKz-vR_Tso2Mq-9uTIeW1UBEoWQEjrMoBTShidrJbiLMmhNqh2bK1GhcZ78giGFA2rjuuU-1cV3h8AYz1J:1uyyVo:5tMzjw4FxoZl6tBi6uYWNW0mCiMvSnzsA_yzh8kwNMY", "expire_date": "2025-10-01T20:12:20.918Z"}}, {"model": "sessions.session", "pk": "ckpg0spqn00oz69vmveb3fczneop9rct", "fields": {"session_data": ".eJxVjDEOwyAUQ-_CXCH-DxDo2D1nQBA-JW0FUkimqncvkTK0m-1n-82c37fs9karWyK7MmCX3yz4-UnlAPHhy73yuZZtXQI_KvykjU810ut2dv8Osm-5rw2CEslGVCi1sFrDAEYpNYIkJJDBhgSaLGqRoBsT0UMXs4VxoGjY5wuaqzaJ:1uz82T:grN8a199r85-7qdmRlWPT2tgkpkXqinRNbyADQFOEFo", "expire_date": "2025-10-02T06:22:41.972Z"}}, {"model": "sessions.session", "pk": "cnjrppqvztzfdj6aecz9xu1ck9fqe7nx", "fields": {"session_data": ".eJxVjMsOwiAQRf-FtSHCDC-X7v0GMjBEqgaS0q6M_26bdKHbe865bxFpXWpcR5njxOIilDj9bonys7Qd8IPavcvc2zJPSe6KPOiQt87ldT3cv4NKo251YM8-GIsJODsApZ0vAB5RWZOd0eqs2ZOxhBt2zhCSDYEDgWVkJT5fsQc2mw:1uyyAK:wQ7ZLxV_Xo0vHDDGUifpZS4KRo0tH2qt0FUY2JmUbUE", "expire_date": "2025-10-01T19:50:08.959Z"}}, {"model": "sessions.session", "pk": "d7gfl8nhsaqj1sywjmtfujl018ykyk6a", "fields": {"session_data": ".eJxVjMsOwiAQRf-FtSHCDC-X7v0GMjBEqgaS0q6M_26bdKHbe865bxFpXWpcR5njxOIilDj9bonys7Qd8IPavcvc2zJPSe6KPOiQt87ldT3cv4NKo251YM8-GIsJODsApZ0vAB5RWZOd0eqs2ZOxhBt2zhCSDYEDgWVkJT5fsQc2mw:1uyxzU:8ahmGzn66b_jR743Q_hI3AQ1QK4qRBwPHm2-8yh_ujA", "expire_date": "2025-10-01T19:38:56.142Z"}}, {"model": "sessions.session", "pk": "dh2fenibgvqe9xeobid5gya9qtszl2ip", "fields": {"session_data": ".eJxVjDEOwyAUQ-_CXCH-DxDo2D1nQBA-JW0FUkimqncvkTK0m-1n-82c37fs9karWyK7MmCX3yz4-UnlAPHhy73yuZZtXQI_KvykjU810ut2dv8Osm-5rw2CEslGVCi1sFrDAEYpNYIkJJDBhgSaLGqRoBsT0UMXs4VxoGjY5wuaqzaJ:1uz79z:TO20YgRFp9u_OBs5Ykn0j4t3sSjumrBt8y9FoZOCIQg", "expire_date": "2025-10-02T05:26:23.313Z"}}, {"model": "sessions.session", "pk": "dqowqfv07szo1odypik9nr6wt4pvi2hl", "fields": {"session_data": ".eJxVjMsOwiAQRf-FtSHCDC-X7v0GMjBEqgaS0q6M_26bdKHbe865bxFpXWpcR5njxOIilDj9bonys7Qd8IPavcvc2zJPSe6KPOiQt87ldT3cv4NKo251YM8-GIsJODsApZ0vAB5RWZOd0eqs2ZOxhBt2zhCSDYEDgWVkJT5fsQc2mw:1uyxVS:9KbPOynLPe6FCmYpTKGQZOkAFqWdkpANwhiwm1V-cyo", "expire_date": "2025-10-01T19:07:54.238Z"}}, {"model": "sessions.session", "pk": "dzbprspg2bgm0dpjb7w6tvp85yee1t21", "fields": {"session_data": ".eJxVjMsOwiAQRf-FtSHCDC-X7v0GMjBEqgaS0q6M_26bdKHbe865bxFpXWpcR5njxOIilDj9bonys7Qd8IPavcvc2zJPSe6KPOiQt87ldT3cv4NKo251YM8-GIsJODsApZ0vAB5RWZOd0eqs2ZOxhBt2zhCSDYEDgWVkJT5fsQc2mw:1uyxzJ:J4ObdoY8LYSTtxCPvQacQQPNifTeCC_FlDcJQuy4CDI", "expire_date": "2025-10-01T19:38:45.040Z"}}, {"model": "sessions.session", "pk": "e3qkx23f1msr9vspcv2n3rlt7e27cz2n", "fields": {"session_data": ".eJxVjMsOwiAQRf-FtSHCDC-X7v0GMjBEqgaS0q6M_26bdKHbe865bxFpXWpcR5njxOIilDj9bonys7Qd8IPavcvc2zJPSe6KPOiQt87ldT3cv4NKo251YM8-GIsJODsApZ0vAB5RWZOd0eqs2ZOxhBt2zhCSDYEDgWVkJT5fsQc2mw:1uyxXx:ONJd4Ev_Y9ADLRX-Rv9jwfYlou2C2K-Iq_uFm6jjd4U", "expire_date": "2025-10-01T19:10:29.010Z"}}, {"model": "sessions.session", "pk": "ejsztpigmk6cjqxjth82xtkv8ejmtqu1", "fields": {"session_data": ".eJxVjMsOwiAQRf-FtSHCDC-X7v0GMjBEqgaS0q6M_26bdKHbe865bxFpXWpcR5njxOIilDj9bonys7Qd8IPavcvc2zJPSe6KPOiQt87ldT3cv4NKo251YM8-GIsJODsApZ0vAB5RWZOd0eqs2ZOxhBt2zhCSDYEDgWVkJT5fsQc2mw:1uyxBv:O4sJ5g2hXMoU-MHEuCw8LmSFUodiwk4aHd_POgWONr0", "expire_date": "2025-10-01T18:47:43.911Z"}}, {"model": "sessions.session", "pk": "emwhwtf8u2huidhriezmtqiti9yqjd6x", "fields": {"session_data": ".eJxVjDEOwyAUQ-_CXCH-DxDo2D1nQBA-JW0FUkimqncvkTK0m-1n-82c37fs9karWyK7MmCX3yz4-UnlAPHhy73yuZZtXQI_KvykjU810ut2dv8Osm-5rw2CEslGVCi1sFrDAEYpNYIkJJDBhgSaLGqRoBsT0UMXs4VxoGjY5wuaqzaJ:1uz8yU:Jwr-0hrU4HPvwmrPep1wxl3ZNpA9kKzdGMSDzzo-XnA", "expire_date": "2025-10-02T07:22:38.758Z"}}, {"model": "sessions.session", "pk": "end7eu6rctnsfu6eqcqrmd1onv2kv4o5", "fields": {"session_data": ".eJxVjMsOwiAQRf-FtSHCDC-X7v0GMjBEqgaS0q6M_26bdKHbe865bxFpXWpcR5njxOIilDj9bonys7Qd8IPavcvc2zJPSe6KPOiQt87ldT3cv4NKo251YM8-GIsJODsApZ0vAB5RWZOd0eqs2ZOxhBt2zhCSDYEDgWVkJT5fsQc2mw:1uz6ng:xDqkqjnKpZ1pyxExeDv7pzhmbV1zxvsZPiQ0oxopsD0", "expire_date": "2025-10-02T05:03:20.483Z"}}, {"model": "sessions.session", "pk": "enicyecduanyy06i1o52dg8ihietym4f", "fields": {"session_data": ".eJxVjDEOwyAUQ-_CXCH-DxDo2D1nQBA-JW0FUkimqncvkTK0m-1n-82c37fs9karWyK7MmCX3yz4-UnlAPHhy73yuZZtXQI_KvykjU810ut2dv8Osm-5rw2CEslGVCi1sFrDAEYpNYIkJJDBhgSaLGqRoBsT0UMXs4VxoGjY5wuaqzaJ:1uz9ws:ZU8yV_IFcTt0i1DMxwWONJw_mA4dv1o3XMjfqpJvBaE", "expire_date": "2025-10-02T08:25:02.243Z"}}, {"model": "sessions.session", "pk": "ewvrup2up9rvwb8me5jny0ilpaoedy6k", "fields": {"session_data": ".eJxVjDEOwyAUQ-_CXCH-DxDo2D1nQBA-JW0FUkimqncvkTK0m-1n-82c37fs9karWyK7MmCX3yz4-UnlAPHhy73yuZZtXQI_KvykjU810ut2dv8Osm-5rw2CEslGVCi1sFrDAEYpNYIkJJDBhgSaLGqRoBsT0UMXs4VxoGjY5wuaqzaJ:1uz8Cb:vMRLhsUaEzsKIJqU6XJ-VTCIbsCReOpXMStuMO9e0rI", "expire_date": "2025-10-02T06:33:09.403Z"}}, {"model": "sessions.session", "pk": "f0wq9fecvo8pi764dxz82up0wz0b10zr", "fields": {"session_data": ".eJxVjMsOwiAQRf-FtSHCDC-X7v0GMjBEqgaS0q6M_26bdKHbe865bxFpXWpcR5njxOIilDj9bonys7Qd8IPavcvc2zJPSe6KPOiQt87ldT3cv4NKo251YM8-GIsJODsApZ0vAB5RWZOd0eqs2ZOxhBt2zhCSDYEDgWVkJT5fsQc2mw:1uywot:ncIUe_oh2EC9dZOF44eXf1SZnrfMmbwqPln2G8LydLU", "expire_date": "2025-10-01T18:23:55.393Z"}}, {"model": "sessions.session", "pk": "f2wis1m4ilgnvjoet5z9fv3fc4j0d941", "fields": {"session_data": ".eJxVjDEOwyAUQ-_CXCH-DxDo2D1nQBA-JW0FUkimqncvkTK0m-1n-82c37fs9karWyK7MmCX3yz4-UnlAPHhy73yuZZtXQI_KvykjU810ut2dv8Osm-5rw2CEslGVCi1sFrDAEYpNYIkJJDBhgSaLGqRoBsT0UMXs4VxoGjY5wuaqzaJ:1uzA4B:QDkVdg7yUaOoGfNXaRERH-Mo9XB8onSnfylgYLJv0gA", "expire_date": "2025-10-02T08:32:35.496Z"}}, {"model": "sessions.session", "pk": "f68kq9umim86y07zh8a32zpc5kw16fsu", "fields": {"session_data": ".eJxVjDEOwyAUQ-_CXCH-DxDo2D1nQBA-JW0FUkimqncvkTK0m-1n-82c37fs9karWyK7MmCX3yz4-UnlAPHhy73yuZZtXQI_KvykjU810ut2dv8Osm-5rw2CEslGVCi1sFrDAEYpNYIkJJDBhgSaLGqRoBsT0UMXs4VxoGjY5wuaqzaJ:1uzA3o:oZ47kqWQTO6ZqX-cndVDs0Gcvui0pLrKk4qHB66zqo8", "expire_date": "2025-10-02T08:32:12.510Z"}}, {"model": "sessions.session", "pk": "f9knt9rbzlb19zfpmbeuybxos0qd6rsq", "fields": {"session_data": ".eJxVjMsOwiAQRf-FtSHCDC-X7v0GMjBEqgaS0q6M_26bdKHbe865bxFpXWpcR5njxOIilDj9bonys7Qd8IPavcvc2zJPSe6KPOiQt87ldT3cv4NKo251YM8-GIsJODsApZ0vAB5RWZOd0eqs2ZOxhBt2zhCSDYEDgWVkJT5fsQc2mw:1uywy1:CpJP01JP_Y9cx5czkJh5E54sk6IsHXUocmFGaTj6ivY", "expire_date": "2025-10-01T18:33:21.572Z"}}, {"model": "sessions.session", "pk": "ff16drgzv1ol8yw931460tb6oz1st902", "fields": {"session_data": ".eJxVjMsOwiAURP-FtSHQmwp16d5vIPcBUjWQlHZl_Hdp0oVmdnPOzFsF3NYcthaXMIu6KFCn346Qn7HsQB5Y7lVzLesyk94VfdCmb1Xi63q4fwcZW-5rcuwYjfHEPAownEdkY6GHxFOKMKA1HmmgBJwQp24L24mMIKBTny8L4zlF:1uywfg:H8_FwxMJnxkleS6U6EYtxFgMuduUCckEK4K6N-WWhkg", "expire_date": "2025-10-01T18:14:24.079Z"}}, {"model": "sessions.session", "pk": "fvpd46uq5vkm6mb9ea9iwpbxwetafgv8", "fields": {"session_data": ".eJxVjMsOwiAQRf-FtSHCDC-X7v0GMjBEqgaS0q6M_26bdKHbe865bxFpXWpcR5njxOIilDj9bonys7Qd8IPavcvc2zJPSe6KPOiQt87ldT3cv4NKo251YM8-GIsJODsApZ0vAB5RWZOd0eqs2ZOxhBt2zhCSDYEDgWVkJT5fsQc2mw:1uyyK8:Wz9wUr4l3GEzt1LSNy085CFG1v7LIaBglJ3u5NBSMqw", "expire_date": "2025-10-01T20:00:16.623Z"}}, {"model": "sessions.session", "pk": "g2m2vaom4ps33gg94ups9tuvmghwjffy", "fields": {"session_data": ".eJxVjMsOwiAQRf-FtSHCDC-X7v0GMjBEqgaS0q6M_26bdKHbe865bxFpXWpcR5njxOIilDj9bonys7Qd8IPavcvc2zJPSe6KPOiQt87ldT3cv4NKo251YM8-GIsJODsApZ0vAB5RWZOd0eqs2ZOxhBt2zhCSDYEDgWVkJT5fsQc2mw:1uyxJG:42wbDppqs4ETFD4iAk68y7gnL090xLHfD9ZroRWBtAA", "expire_date": "2025-10-01T18:55:18.385Z"}}, {"model": "sessions.session", "pk": "g4e7fwpu4xlpyut1f0k51tis9pxzc9e6", "fields": {"session_data": ".eJxVjDEOwyAUQ-_CXCH-DxDo2D1nQBA-JW0FUkimqncvkTK0m-1n-82c37fs9karWyK7MmCX3yz4-UnlAPHhy73yuZZtXQI_KvykjU810ut2dv8Osm-5rw2CEslGVCi1sFrDAEYpNYIkJJDBhgSaLGqRoBsT0UMXs4VxoGjY5wuaqzaJ:1uz7bw:UR-yU6AscT-E7UsZAjA-MWxOhtgrX-t8oSNByLUI60Q", "expire_date": "2025-10-02T05:55:16.327Z"}}, {"model": "sessions.session", "pk": "gee20wkderop8gvovcy2cy2bqk1t0mgj", "fields": {"session_data": ".eJxVjMsOwiAQRf-FtSHCDC-X7v0GMjBEqgaS0q6M_26bdKHbe865bxFpXWpcR5njxOIilDj9bonys7Qd8IPavcvc2zJPSe6KPOiQt87ldT3cv4NKo251YM8-GIsJODsApZ0vAB5RWZOd0eqs2ZOxhBt2zhCSDYEDgWVkJT5fsQc2mw:1uyxaB:4rWN1LBfvSrIzTCBANZK-5IS2Sip2aoa_uSrSnzZ4jk", "expire_date": "2025-10-01T19:12:47.337Z"}}, {"model": "sessions.session", "pk": "gjgx6rl8de0t3rehxjpup80mpn1gwtie", "fields": {"session_data": ".eJxVjMsOwiAQRf-FtSHCDC-X7v0GMjBEqgaS0q6M_26bdKHbe865bxFpXWpcR5njxOIilDj9bonys7Qd8IPavcvc2zJPSe6KPOiQt87ldT3cv4NKo251YM8-GIsJODsApZ0vAB5RWZOd0eqs2ZOxhBt2zhCSDYEDgWVkJT5fsQc2mw:1uz6n6:apUYInvBvtFKT7IGL74RWq9BNvCcTL1yjZh_Y3TOQEU", "expire_date": "2025-10-02T05:02:44.665Z"}}, {"model": "sessions.session", "pk": "gmjwlof3bdm771mt6ms9b3r77eitg91z", "fields": {"session_data": ".eJxVjMsOwiAQRf-FtSHCDC-X7v0GMjBEqgaS0q6M_26bdKHbe865bxFpXWpcR5njxOIilDj9bonys7Qd8IPavcvc2zJPSe6KPOiQt87ldT3cv4NKo251YM8-GIsJODsApZ0vAB5RWZOd0eqs2ZOxhBt2zhCSDYEDgWVkJT5fsQc2mw:1uyxz3:9PEKbOBJ2FBTGDaNqgNgrDydGIDeViFzCZBH1iYEQ14", "expire_date": "2025-10-01T19:38:29.016Z"}}, {"model": "sessions.session", "pk": "gv4pyeqh29iw6vwqwp9d7ehcewh1yixy", "fields": {"session_data": ".eJxVjDEOwyAUQ-_CXCH-DxDo2D1nQBA-JW0FUkimqncvkTK0m-1n-82c37fs9karWyK7MmCX3yz4-UnlAPHhy73yuZZtXQI_KvykjU810ut2dv8Osm-5rw2CEslGVCi1sFrDAEYpNYIkJJDBhgSaLGqRoBsT0UMXs4VxoGjY5wuaqzaJ:1uz979:jvE73QKqWiR_xzgzmFlH1ACw3pqApeHvxdLmQA_HlSo", "expire_date": "2025-10-02T07:31:35.082Z"}}, {"model": "sessions.session", "pk": "h5zr0kwk6pe0chnu1edjpqlyxvf40o5r", "fields": {"session_data": ".eJxVjDEOwyAUQ-_CXCH-DxDo2D1nQBA-JW0FUkimqncvkTK0m-1n-82c37fs9karWyK7MmCX3yz4-UnlAPHhy73yuZZtXQI_KvykjU810ut2dv8Osm-5rw2CEslGVCi1sFrDAEYpNYIkJJDBhgSaLGqRoBsT0UMXs4VxoGjY5wuaqzaJ:1uz8Pf:J7Ee4oFESmLO0ITvE4yy9CIe21lW-7nw-bMW8ySbcEI", "expire_date": "2025-10-02T06:46:39.071Z"}}, {"model": "sessions.session", "pk": "h9cqmvzpxr1y4r68n01nip3ymnn7ynwc", "fields": {"session_data": ".eJxVjDEOwyAUQ-_CXCH-DxDo2D1nQBA-JW0FUkimqncvkTK0m-1n-82c37fs9karWyK7MmCX3yz4-UnlAPHhy73yuZZtXQI_KvykjU810ut2dv8Osm-5rw2CEslGVCi1sFrDAEYpNYIkJJDBhgSaLGqRoBsT0UMXs4VxoGjY5wuaqzaJ:1uz9ri:Nt4180OSIcvebh5kqqFKFgHkct4HIz-8TmjdGEnkDEs", "expire_date": "2025-10-02T08:19:42.807Z"}}, {"model": "sessions.session", "pk": "hlpmop1t4zrkx4cwf6teg4ultdenspow", "fields": {"session_data": ".eJxVjMsOwiAQRf-FtSHCDC-X7v0GMjBEqgaS0q6M_26bdKHbe865bxFpXWpcR5njxOIilDj9bonys7Qd8IPavcvc2zJPSe6KPOiQt87ldT3cv4NKo251YM8-GIsJODsApZ0vAB5RWZOd0eqs2ZOxhBt2zhCSDYEDgWVkJT5fsQc2mw:1uyyJp:nZpVnu_WwU9-v3WfrIwj66cZmIzAy5RWRHpdhMouJ1Q", "expire_date": "2025-10-01T19:59:57.403Z"}}, {"model": "sessions.session", "pk": "hx3sk69olw3bbsl69msy0z1bqm8mkk02", "fields": {"session_data": ".eJxVjMsOwiAQRf-FtSHCDC-X7v0GMjBEqgaS0q6M_26bdKHbe865bxFpXWpcR5njxOIilDj9bonys7Qd8IPavcvc2zJPSe6KPOiQt87ldT3cv4NKo251YM8-GIsJODsApZ0vAB5RWZOd0eqs2ZOxhBt2zhCSDYEDgWVkJT5fsQc2mw:1uyxI1:LDBjAp8yqTAOw6fPdr-tTFhRLk1T6DJJokJ0aWZxO2w", "expire_date": "2025-10-01T18:54:01.840Z"}}, {"model": "sessions.session", "pk": "ic1rp4u3tottoilrc8rahl4wcy4z5x3p", "fields": {"session_data": ".eJxVjMsOwiAQRf-FtSHCDC-X7v0GMjBEqgaS0q6M_26bdKHbe865bxFpXWpcR5njxOIilDj9bonys7Qd8IPavcvc2zJPSe6KPOiQt87ldT3cv4NKo251YM8-GIsJODsApZ0vAB5RWZOd0eqs2ZOxhBt2zhCSDYEDgWVkJT5fsQc2mw:1uyxFb:SqlKnneQ7P4uIic9QMC8xnfxiHM0LeHYB3hUQgFnmFk", "expire_date": "2025-10-01T18:51:31.197Z"}}, {"model": "sessions.session", "pk": "iccqo1hjufppcvas63xgxkvfcmenvr1y", "fields": {"session_data": ".eJxVjMsOwiAQRf-FtSHCDC-X7v0GMjBEqgaS0q6M_26bdKHbe865bxFpXWpcR5njxOIilDj9bonys7Qd8IPavcvc2zJPSe6KPOiQt87ldT3cv4NKo251YM8-GIsJODsApZ0vAB5RWZOd0eqs2ZOxhBt2zhCSDYEDgWVkJT5fsQc2mw:1uyxfR:om9K_fl7zndV_pRyJ0wlkWxzEn6vEmmuCjSJtDSMTwQ", "expire_date": "2025-10-01T19:18:13.304Z"}}, {"model": "sessions.session", "pk": "imbpzbb7u8qw95x1adoh1ssrjkt7ewv3", "fields": {"session_data": ".eJxVjDEOwyAUQ-_CXCH-DxDo2D1nQBA-JW0FUkimqncvkTK0m-1n-82c37fs9karWyK7MmCX3yz4-UnlAPHhy73yuZZtXQI_KvykjU810ut2dv8Osm-5rw2CEslGVCi1sFrDAEYpNYIkJJDBhgSaLGqRoBsT0UMXs4VxoGjY5wuaqzaJ:1uz8f8:Gxgg1va7SHXMEOmn8SSkOjy67Y4Z73vwHaQia-U83h4", "expire_date": "2025-10-02T07:02:38.224Z"}}, {"model": "sessions.session", "pk": "itu5fgtwzafcm6gie72el4irwml2vmdr", "fields": {"session_data": ".eJxVjMsOwiAURP-FtSHQmwp16d5vIPcBUjWQlHZl_Hdp0oVmdnPOzFsF3NYcthaXMIu6KFCn346Qn7HsQB5Y7lVzLesyk94VfdCmb1Xi63q4fwcZW-5rcuwYjfHEPAownEdkY6GHxFOKMKA1HmmgBJwQp24L24mMIKBTny8L4zlF:1uywoG:rWDaTgmtjl3CXvGSu-wkWhScq3osEHGsn-fdJ8whgqc", "expire_date": "2025-10-01T18:23:16.204Z"}}, {"model": "sessions.session", "pk": "j9hqek9fve6nsipdb0e3enqdbh7fquo9", "fields": {"session_data": ".eJxVjMsOwiAQRf-FtSHCDC-X7v0GMjBEqgaS0q6M_26bdKHbe865bxFpXWpcR5njxOIilDj9bonys7Qd8IPavcvc2zJPSe6KPOiQt87ldT3cv4NKo251YM8-GIsJODsApZ0vAB5RWZOd0eqs2ZOxhBt2zhCSDYEDgWVkJT5fsQc2mw:1uyvmG:EekKqDWC7IEE7mbHYGaePqIqO6_poDaRa--SjxV6MX4", "expire_date": "2025-10-01T17:17:08.283Z"}}, {"model": "sessions.session", "pk": "jb6r0jhvizgespifjrw3z5o840z2snbl", "fields": {"session_data": ".eJxVjDEOwyAUQ-_CXCH-DxDo2D1nQBA-JW0FUkimqncvkTK0m-1n-82c37fs9karWyK7MmCX3yz4-UnlAPHhy73yuZZtXQI_KvykjU810ut2dv8Osm-5rw2CEslGVCi1sFrDAEYpNYIkJJDBhgSaLGqRoBsT0UMXs4VxoGjY5wuaqzaJ:1uz84d:_1qPDH6IKxOyuM7Z3Xw1lyZrhw-v5ggUHwe59gmViNE", "expire_date": "2025-10-02T06:24:55.661Z"}}, {"model": "sessions.session", "pk": "jgpxfrnt9ftlsg3a9zbhqryniiboayw3", "fields": {"session_data": ".eJxVjDEOwyAUQ-_CXCH-DxDo2D1nQBA-JW0FUkimqncvkTK0m-1n-82c37fs9karWyK7MmCX3yz4-UnlAPHhy73yuZZtXQI_KvykjU810ut2dv8Osm-5rw2CEslGVCi1sFrDAEYpNYIkJJDBhgSaLGqRoBsT0UMXs4VxoGjY5wuaqzaJ:1uz8Cu:6WP-E2j7RMn8wVKiYCnsqAG3xhz3DAA2R0zMrzuQuZc", "expire_date": "2025-10-02T06:33:28.883Z"}}, {"model": "sessions.session", "pk": "jh8zhd1tap63ucgsluhvwwmr59hq453g", "fields": {"session_data": ".eJxVjMsOwiAQRf-FtSHCDC-X7v0GMjBEqgaS0q6M_26bdKHbe865bxFpXWpcR5njxOIilDj9bonys7Qd8IPavcvc2zJPSe6KPOiQt87ldT3cv4NKo251YM8-GIsJODsApZ0vAB5RWZOd0eqs2ZOxhBt2zhCSDYEDgWVkJT5fsQc2mw:1uyyE1:MgMMbfrmppZifPw4eUCA9NCUOUIys6d9fAgzZ070qXo", "expire_date": "2025-10-01T19:53:57.099Z"}}, {"model": "sessions.session", "pk": "jmeuhq6qek81po6ir3zqddy7nadt74z5", "fields": {"session_data": ".eJxVjMsOwiAQRf-FtSHCDC-X7v0GMjBEqgaS0q6M_26bdKHbe865bxFpXWpcR5njxOIilDj9bonys7Qd8IPavcvc2zJPSe6KPOiQt87ldT3cv4NKo251YM8-GIsJODsApZ0vAB5RWZOd0eqs2ZOxhBt2zhCSDYEDgWVkJT5fsQc2mw:1uyxXX:TDMar-YoYbZqMcV8RvkQ3bqJpLNCfZsybT4J-ps94Kw", "expire_date": "2025-10-01T19:10:03.707Z"}}, {"model": "sessions.session", "pk": "jrjxiqajdmw32dno59fky8s3df2f0nou", "fields": {"session_data": ".eJxVjMsOwiAQRf-FtSHCDC-X7v0GMjBEqgaS0q6M_26bdKHbe865bxFpXWpcR5njxOIilDj9bonys7Qd8IPavcvc2zJPSe6KPOiQt87ldT3cv4NKo251YM8-GIsJODsApZ0vAB5RWZOd0eqs2ZOxhBt2zhCSDYEDgWVkJT5fsQc2mw:1uz6pS:XEtxsF6s3KCWiauf_vSlMY-48uMV4ylTpDRuNoyqx9o", "expire_date": "2025-10-02T05:05:10.357Z"}}, {"model": "sessions.session", "pk": "jxrm4t47dwbqg4l3i1rs56t3nxufpasv", "fields": {"session_data": ".eJxVjDEOwyAUQ-_CXCH-DxDo2D1nQBA-JW0FUkimqncvkTK0m-1n-82c37fs9karWyK7MmCX3yz4-UnlAPHhy73yuZZtXQI_KvykjU810ut2dv8Osm-5rw2CEslGVCi1sFrDAEYpNYIkJJDBhgSaLGqRoBsT0UMXs4VxoGjY5wuaqzaJ:1uz8Z9:cRvviCmcLTdSc5j4VfbmzTorUeooD1myRpNptaKzbZ0", "expire_date": "2025-10-02T06:56:27.476Z"}}, {"model": "sessions.session", "pk": "k03t5jjiy3hne7la36e2bdm6e6fduwud", "fields": {"session_data": ".eJxVjMsOwiAQRf-FtSHCDC-X7v0GMjBEqgaS0q6M_26bdKHbe865bxFpXWpcR5njxOIilDj9bonys7Qd8IPavcvc2zJPSe6KPOiQt87ldT3cv4NKo251YM8-GIsJODsApZ0vAB5RWZOd0eqs2ZOxhBt2zhCSDYEDgWVkJT5fsQc2mw:1uywqd:wwrFvNZo0-LeSR5TXBSUmfarr6y4QO5iZS-pNAhr-BA", "expire_date": "2025-10-01T18:25:43.940Z"}}, {"model": "sessions.session", "pk": "k2z4so4co6ip0uze8eov0okwn7mee0m5", "fields": {"session_data": ".eJxVjMsOwiAQRf-FtSHCDC-X7v0GMjBEqgaS0q6M_26bdKHbe865bxFpXWpcR5njxOIilDj9bonys7Qd8IPavcvc2zJPSe6KPOiQt87ldT3cv4NKo251YM8-GIsJODsApZ0vAB5RWZOd0eqs2ZOxhBt2zhCSDYEDgWVkJT5fsQc2mw:1uywqK:lPVzPjwBVDFF9Si0aFfMWBYOGDUYzvXkimxnVajkz1M", "expire_date": "2025-10-01T18:25:24.497Z"}}, {"model": "sessions.session", "pk": "kf9ecfaras2e0wga4gnvazh6vj311bfi", "fields": {"session_data": ".eJxVjDsOwjAUBO_iGlk2Mf5Q0ucM1ntrBweQI8VJhbg7iZQC2p2ZfYtI61Li2vIcxySuQitx-h2Z8Mx1J-lB9T5JTHWZR5a7Ig_aZD-l_Lod7t9BoVa2mjOxgzakYJ0zxiePIYdwGTRgz9Y7pYJnMNMmBnQGNitwlwJb4yE-XybSOPs:1uyvyZ:VR5MFt-GzV2IvpXLPNBKexgGiYJzGoKIkFDZ-F8ftB0", "expire_date": "2025-10-01T17:29:51.841Z"}}, {"model": "sessions.session", "pk": "ki45nskbis1hm6fcp6ey9rygc5lzrq49", "fields": {"session_data": ".eJxVjMsOwiAURP-FtSHQmwp16d5vIPcBUjWQlHZl_Hdp0oVmdnPOzFsF3NYcthaXMIu6KFCn346Qn7HsQB5Y7lVzLesyk94VfdCmb1Xi63q4fwcZW-5rcuwYjfHEPAownEdkY6GHxFOKMKA1HmmgBJwQp24L24mMIKBTny8L4zlF:1uywcK:xP9nG-EARk140lcSyYLN_yx5wkHqJMPpOx0iUEB-Uwk", "expire_date": "2025-10-01T18:10:56.544Z"}}, {"model": "sessions.session", "pk": "kn48it256ebjaglphq9n5669bw3xeg1c", "fields": {"session_data": ".eJxVjMsOwiAQRf-FtSHCDC-X7v0GMjBEqgaS0q6M_26bdKHbe865bxFpXWpcR5njxOIilDj9bonys7Qd8IPavcvc2zJPSe6KPOiQt87ldT3cv4NKo251YM8-GIsJODsApZ0vAB5RWZOd0eqs2ZOxhBt2zhCSDYEDgWVkJT5fsQc2mw:1uyyDe:9Xsqyiz_tYOQtK8C92l-i-fpS6AwXoCj5sSrY2KXwFk", "expire_date": "2025-10-01T19:53:34.813Z"}}, {"model": "sessions.session", "pk": "kpptjo78k967hj7h53mlxgt7kuj3s5ko", "fields": {"session_data": ".eJxVjMsOwiAQRf-FtSHCDC-X7v0GMjBEqgaS0q6M_26bdKHbe865bxFpXWpcR5njxOIilDj9bonys7Qd8IPavcvc2zJPSe6KPOiQt87ldT3cv4NKo251YM8-GIsJODsApZ0vAB5RWZOd0eqs2ZOxhBt2zhCSDYEDgWVkJT5fsQc2mw:1uyyQw:QDJ52hR8H_5UkR4KVna2SWqJ3IpBeu-8WktGmuJcQVA", "expire_date": "2025-10-01T20:07:18.406Z"}}, {"model": "sessions.session", "pk": "ktiklq01s8fg63gdlq5cwwud3pn68rde", "fields": {"session_data": ".eJxVjDEOwyAUQ-_CXCH-DxDo2D1nQBA-JW0FUkimqncvkTK0m-1n-82c37fs9karWyK7MmCX3yz4-UnlAPHhy73yuZZtXQI_KvykjU810ut2dv8Osm-5rw2CEslGVCi1sFrDAEYpNYIkJJDBhgSaLGqRoBsT0UMXs4VxoGjY5wuaqzaJ:1uz9mJ:_vpvVIRqevbu9zCWedOaOKpqa566ghnY32tSQCEd-vw", "expire_date": "2025-10-02T08:14:07.952Z"}}, {"model": "sessions.session", "pk": "leyiy2lqwks9pgxobugkmrlt6b882dh6", "fields": {"session_data": ".eJxVjDEOwyAUQ-_CXCH-DxDo2D1nQBA-JW0FUkimqncvkTK0m-1n-82c37fs9karWyK7MmCX3yz4-UnlAPHhy73yuZZtXQI_KvykjU810ut2dv8Osm-5rw2CEslGVCi1sFrDAEYpNYIkJJDBhgSaLGqRoBsT0UMXs4VxoGjY5wuaqzaJ:1uz8Gk:rgmJ4B-8PByQjK9JIrsynxy56luuhi6ZVv-7JKm0PMY", "expire_date": "2025-10-02T06:37:26.967Z"}}, {"model": "sessions.session", "pk": "lmn8b8fgl663a55rozn2o674vaqc29mw", "fields": {"session_data": ".eJxVjMsOwiAQRf-FtSHCDC-X7v0GMjBEqgaS0q6M_26bdKHbe865bxFpXWpcR5njxOIilDj9bonys7Qd8IPavcvc2zJPSe6KPOiQt87ldT3cv4NKo251YM8-GIsJODsApZ0vAB5RWZOd0eqs2ZOxhBt2zhCSDYEDgWVkJT5fsQc2mw:1uyx4E:XhX6Bc3RjreAYCyrPIG5v_596DMUwHAJmqgdj_fTRK4", "expire_date": "2025-10-01T18:39:46.379Z"}}, {"model": "sessions.session", "pk": "meduswhnxjelan7qk9ricmp9j9qg5z7k", "fields": {"session_data": ".eJxVjMsOwiAQRf-FtSHCDC-X7v0GMjBEqgaS0q6M_26bdKHbe865bxFpXWpcR5njxOIilDj9bonys7Qd8IPavcvc2zJPSe6KPOiQt87ldT3cv4NKo251YM8-GIsJODsApZ0vAB5RWZOd0eqs2ZOxhBt2zhCSDYEDgWVkJT5fsQc2mw:1uyy0b:wO5rCjQ2EPC6KIJouqS7KITyg9x7WB4pb2NCcf_0w2s", "expire_date": "2025-10-01T19:40:05.177Z"}}, {"model": "sessions.session", "pk": "mllba3ez16texf45uwm9bk8qfwxiswfn", "fields": {"session_data": ".eJxVjMsOwiAQRf-FtSHCDC-X7v0GMjBEqgaS0q6M_26bdKHbe865bxFpXWpcR5njxOIilDj9bonys7Qd8IPavcvc2zJPSe6KPOiQt87ldT3cv4NKo251YM8-GIsJODsApZ0vAB5RWZOd0eqs2ZOxhBt2zhCSDYEDgWVkJT5fsQc2mw:1uyyKM:ytqNv2rxMzufk2HGYe5yaY2k19Eqwj29iq5xUbYL4nE", "expire_date": "2025-10-01T20:00:30.917Z"}}, {"model": "sessions.session", "pk": "mvxg7ux274s3gzlarvplifbaj8gnvp47", "fields": {"session_data": ".eJxVjMsOwiAURP-FtSHQmwp16d5vIPcBUjWQlHZl_Hdp0oVmdnPOzFsF3NYcthaXMIu6KFCn346Qn7HsQB5Y7lVzLesyk94VfdCmb1Xi63q4fwcZW-5rcuwYjfHEPAownEdkY6GHxFOKMKA1HmmgBJwQp24L24mMIKBTny8L4zlF:1uywf9:F9NFgOEZVJ7_mzfZPKRCs9Nqt6QfLXZK6bRYK-eHxAU", "expire_date": "2025-10-01T18:13:51.546Z"}}, {"model": "sessions.session", "pk": "nc0n22yk5v89aq7625gdx4c5e689nu2r", "fields": {"session_data": ".eJxVjEEOwiAQRe_C2hBqEQaX7nsGMjNMpWogKe3KeHfbpAvd_vfef6uI65Lj2mSOU1JXBer0uxHyU8oO0gPLvWquZZkn0ruiD9r0UJO8bof7d5Cx5a0mQfLcWTTsvLcWEvAoIVzGjtmdHXhjAhAT4SYG7i07MUx9CuQssPp8AQepONI:1uyvxs:itctGkfjmENM6SnMdZPrVNQVJcARKQ17RtaYBBVli0w", "expire_date": "2025-10-01T17:29:08.676Z"}}, {"model": "sessions.session", "pk": "nnvu4qheh3z86ocm32k0k3ss3crsdkt2", "fields": {"session_data": ".eJxVjMsOwiAQRf-FtSHCDC-X7v0GMjBEqgaS0q6M_26bdKHbe865bxFpXWpcR5njxOIilDj9bonys7Qd8IPavcvc2zJPSe6KPOiQt87ldT3cv4NKo251YM8-GIsJODsApZ0vAB5RWZOd0eqs2ZOxhBt2zhCSDYEDgWVkJT5fsQc2mw:1uyxT7:iBG0wTgyy_3YrnueaYIKoeKNUV3f8MVDI8u1ICkWYA8", "expire_date": "2025-10-01T19:05:29.690Z"}}, {"model": "sessions.session", "pk": "no3t8v5e9qthhotcwt7cjxgspdik51ae", "fields": {"session_data": ".eJxVjMsOwiAQRf-FtSHCDC-X7v0GMjBEqgaS0q6M_26bdKHbe865bxFpXWpcR5njxOIilDj9bonys7Qd8IPavcvc2zJPSe6KPOiQt87ldT3cv4NKo251YM8-GIsJODsApZ0vAB5RWZOd0eqs2ZOxhBt2zhCSDYEDgWVkJT5fsQc2mw:1uyvnh:3juowFdLpFxyB9Kx7MZ7WIEwfKrCPwgg10ER_9K3fpQ", "expire_date": "2025-10-01T17:18:37.141Z"}}, {"model": "sessions.session", "pk": "noxbwvlxy9yiowa564lz6zaclnb0heub", "fields": {"session_data": ".eJxVjDEOwyAUQ-_CXCH-DxDo2D1nQBA-JW0FUkimqncvkTK0m-1n-82c37fs9karWyK7MmCX3yz4-UnlAPHhy73yuZZtXQI_KvykjU810ut2dv8Osm-5rw2CEslGVCi1sFrDAEYpNYIkJJDBhgSaLGqRoBsT0UMXs4VxoGjY5wuaqzaJ:1uz8yq:lqGdc-v11gzZqV471Gbevd4tWl7wHIsGJcxgg_1ENws", "expire_date": "2025-10-02T07:23:00.056Z"}}, {"model": "sessions.session", "pk": "nug3r2pf6vhpwacpdse1ysgmjexzorhz", "fields": {"session_data": ".eJxVjMsOwiAQRf-FtSHCDC-X7v0GMjBEqgaS0q6M_26bdKHbe865bxFpXWpcR5njxOIilDj9bonys7Qd8IPavcvc2zJPSe6KPOiQt87ldT3cv4NKo251YM8-GIsJODsApZ0vAB5RWZOd0eqs2ZOxhBt2zhCSDYEDgWVkJT5fsQc2mw:1uyyFC:Sdp5YJxyxjlqM-Cp0BMqCKPoMfbQrNSonZ_OykBfvkw", "expire_date": "2025-10-01T19:55:10.869Z"}}, {"model": "sessions.session", "pk": "o06yo1ktl9brv9pq6aymzsnsauiz3g6q", "fields": {"session_data": ".eJxVjMsOwiAQRf-FtSHCDC-X7v0GMjBEqgaS0q6M_26bdKHbe865bxFpXWpcR5njxOIilDj9bonys7Qd8IPavcvc2zJPSe6KPOiQt87ldT3cv4NKo251YM8-GIsJODsApZ0vAB5RWZOd0eqs2ZOxhBt2zhCSDYEDgWVkJT5fsQc2mw:1uz6uk:pAWqBo4ASFD2XpLpQgc5zSfuANHpujAghv1BgCQYq2A", "expire_date": "2025-10-02T05:10:38.371Z"}}, {"model": "sessions.session", "pk": "o98p0kgfs5by8e5nds9qx1lxllrbpi6b", "fields": {"session_data": ".eJxVjMsOwiAQRf-FtSHCDC-X7v0GMjBEqgaS0q6M_26bdKHbe865bxFpXWpcR5njxOIilDj9bonys7Qd8IPavcvc2zJPSe6KPOiQt87ldT3cv4NKo251YM8-GIsJODsApZ0vAB5RWZOd0eqs2ZOxhBt2zhCSDYEDgWVkJT5fsQc2mw:1uywpV:cmZKIClQryu7xwSa3gatkVwMdDZJS2ASpguoHEY9lDs", "expire_date": "2025-10-01T18:24:33.310Z"}}, {"model": "sessions.session", "pk": "o9wqdrku0kndcfoqbvlrjzkgwattft9m", "fields": {"session_data": ".eJxVjMsOwiAQRf-FtSHCDC-X7v0GMjBEqgaS0q6M_26bdKHbe865bxFpXWpcR5njxOIilDj9bonys7Qd8IPavcvc2zJPSe6KPOiQt87ldT3cv4NKo251YM8-GIsJODsApZ0vAB5RWZOd0eqs2ZOxhBt2zhCSDYEDgWVkJT5fsQc2mw:1uyxCj:nY_WH70FjmjhQKgEzcSd8NOyKAvhjF7uWNn1rg4HOlg", "expire_date": "2025-10-01T18:48:33.625Z"}}, {"model": "sessions.session", "pk": "odhdrrtc11kocbapnko3gc3c2e4szl6u", "fields": {"session_data": ".eJxVjMsOwiAQRf-FtSHCDC-X7v0GMjBEqgaS0q6M_26bdKHbe865bxFpXWpcR5njxOIilDj9bonys7Qd8IPavcvc2zJPSe6KPOiQt87ldT3cv4NKo251YM8-GIsJODsApZ0vAB5RWZOd0eqs2ZOxhBt2zhCSDYEDgWVkJT5fsQc2mw:1uyxUu:AiLRcK09rylGprFGrEscBGOONP7-yOywu9aINbLpttk", "expire_date": "2025-10-01T19:07:20.296Z"}}, {"model": "sessions.session", "pk": "ogh6i05i0q4dizu5ybdvsxu2jal6rx6a", "fields": {"session_data": ".eJxVjMsOwiAQRf-FtSHCDC-X7v0GMjBEqgaS0q6M_26bdKHbe865bxFpXWpcR5njxOIilDj9bonys7Qd8IPavcvc2zJPSe6KPOiQt87ldT3cv4NKo251YM8-GIsJODsApZ0vAB5RWZOd0eqs2ZOxhBt2zhCSDYEDgWVkJT5fsQc2mw:1uyy0A:IQvGGUEMS3QHRDKDcJK2orMYvB2qkoxqzSoM1R_LcNg", "expire_date": "2025-10-01T19:39:38.994Z"}}, {"model": "sessions.session", "pk": "oprc7hda3ajzvba13w0vxi4214q3ujek", "fields": {"session_data": ".eJxVjMsOwiAQRf-FtSHCDC-X7v0GMjBEqgaS0q6M_26bdKHbe865bxFpXWpcR5njxOIilDj9bonys7Qd8IPavcvc2zJPSe6KPOiQt87ldT3cv4NKo251YM8-GIsJODsApZ0vAB5RWZOd0eqs2ZOxhBt2zhCSDYEDgWVkJT5fsQc2mw:1uz6qp:QtcDWHi3gAQJx8tcd7WbWhBrIMSH4YC5m2dbTtIoXrg", "expire_date": "2025-10-02T05:06:35.473Z"}}, {"model": "sessions.session", "pk": "ov8g7whaza8owiwbxdnsns5zg49s7rus", "fields": {"session_data": ".eJxVjMsOwiAQRf-FtSHCDC-X7v0GMjBEqgaS0q6M_26bdKHbe865bxFpXWpcR5njxOIilDj9bonys7Qd8IPavcvc2zJPSe6KPOiQt87ldT3cv4NKo251YM8-GIsJODsApZ0vAB5RWZOd0eqs2ZOxhBt2zhCSDYEDgWVkJT5fsQc2mw:1uz6nM:sfZusqw7d9nJ9S-UliwX44hrpX75MrXOV3ckCFlsteY", "expire_date": "2025-10-02T05:03:00.588Z"}}, {"model": "sessions.session", "pk": "oxill32qcphrntncmn0p3rgciq1jn4xa", "fields": {"session_data": ".eJxVjMsOwiAQRf-FtSHCDC-X7v0GMjBEqgaS0q6M_26bdKHbe865bxFpXWpcR5njxOIilDj9bonys7Qd8IPavcvc2zJPSe6KPOiQt87ldT3cv4NKo251YM8-GIsJODsApZ0vAB5RWZOd0eqs2ZOxhBt2zhCSDYEDgWVkJT5fsQc2mw:1uyyIF:fAiY6e7sFQIoynCFCaUVtl0rLDnh8YTnw8nK9RnBGo8", "expire_date": "2025-10-01T19:58:19.323Z"}}, {"model": "sessions.session", "pk": "p21gg0e1ivt0ag6ztca9y8zcv4r23008", "fields": {"session_data": ".eJxVjDEOwyAUQ-_CXCH-DxDo2D1nQBA-JW0FUkimqncvkTK0m-1n-82c37fs9karWyK7MmCX3yz4-UnlAPHhy73yuZZtXQI_KvykjU810ut2dv8Osm-5rw2CEslGVCi1sFrDAEYpNYIkJJDBhgSaLGqRoBsT0UMXs4VxoGjY5wuaqzaJ:1uz9iS:LO1SwYb6fDZH5tBFluRxEtrO9biTtxs7Bn61bFVgHS4", "expire_date": "2025-10-02T08:10:08.324Z"}}, {"model": "sessions.session", "pk": "p4ojpbfqsnydmgv8sfj1g84ergmgxxmp", "fields": {"session_data": ".eJxVjMsOwiAQRf-FtSHCDC-X7v0GMjBEqgaS0q6M_26bdKHbe865bxFpXWpcR5njxOIilDj9bonys7Qd8IPavcvc2zJPSe6KPOiQt87ldT3cv4NKo251YM8-GIsJODsApZ0vAB5RWZOd0eqs2ZOxhBt2zhCSDYEDgWVkJT5fsQc2mw:1uyy3l:mEnGdYUAVso6eq7O6cIsIolgZ1W54aLfVQPFty7gi-I", "expire_date": "2025-10-01T19:43:21.538Z"}}, {"model": "sessions.session", "pk": "p7a2z1yi0zuf2xvu2yh2gc1bd0lh37qx", "fields": {"session_data": ".eJxVjMsOwiAURP-FtSHQmwp16d5vIPcBUjWQlHZl_Hdp0oVmdnPOzFsF3NYcthaXMIu6KFCn346Qn7HsQB5Y7lVzLesyk94VfdCmb1Xi63q4fwcZW-5rcuwYjfHEPAownEdkY6GHxFOKMKA1HmmgBJwQp24L24mMIKBTny8L4zlF:1uywbh:E7Agp3iLt7cklQW0SjkSPWlpqd6s4z8xgUg0Hs6aZKM", "expire_date": "2025-10-01T18:10:17.910Z"}}, {"model": "sessions.session", "pk": "p898huizbf9zvpknkb1ilcu9r1egybp9", "fields": {"session_data": ".eJxVjMsOwiAQRf-FtSHCDC-X7v0GMjBEqgaS0q6M_26bdKHbe865bxFpXWpcR5njxOIilDj9bonys7Qd8IPavcvc2zJPSe6KPOiQt87ldT3cv4NKo251YM8-GIsJODsApZ0vAB5RWZOd0eqs2ZOxhBt2zhCSDYEDgWVkJT5fsQc2mw:1uyvm6:72dWsj3EvrQ0aRrV1dfHOUiPtysajgX9nC105sZ5nSM", "expire_date": "2025-10-01T17:16:58.586Z"}}, {"model": "sessions.session", "pk": "pt1xn1niq2ot4bwi17tmw15iseyzkvpg", "fields": {"session_data": ".eJxVjMsOwiAQRf-FtSHCDC-X7v0GMjBEqgaS0q6M_26bdKHbe865bxFpXWpcR5njxOIilDj9bonys7Qd8IPavcvc2zJPSe6KPOiQt87ldT3cv4NKo251YM8-GIsJODsApZ0vAB5RWZOd0eqs2ZOxhBt2zhCSDYEDgWVkJT5fsQc2mw:1uz6vS:Vypb9rNpWWN0UIy-_LZ64Yai31jKsIzRuQ9TqBU6W-4", "expire_date": "2025-10-02T05:11:22.357Z"}}, {"model": "sessions.session", "pk": "pt9dxkwbjz8322pxedea3e73slb8yhjq", "fields": {"session_data": ".eJxVjMsOwiAQRf-FtSHCDC-X7v0GMjBEqgaS0q6M_26bdKHbe865bxFpXWpcR5njxOIilDj9bonys7Qd8IPavcvc2zJPSe6KPOiQt87ldT3cv4NKo251YM8-GIsJODsApZ0vAB5RWZOd0eqs2ZOxhBt2zhCSDYEDgWVkJT5fsQc2mw:1uyy3a:KJ4uSNaRo-BRq9BCc-2vvHrDkfKgwf4v9f0K5d66T50", "expire_date": "2025-10-01T19:43:10.121Z"}}, {"model": "sessions.session", "pk": "pxg12dxoq28qnl93pmowt2i44wdzdoux", "fields": {"session_data": ".eJxVjMsOwiAQRf-FtSHCDC-X7v0GMjBEqgaS0q6M_26bdKHbe865bxFpXWpcR5njxOIilDj9bonys7Qd8IPavcvc2zJPSe6KPOiQt87ldT3cv4NKo251YM8-GIsJODsApZ0vAB5RWZOd0eqs2ZOxhBt2zhCSDYEDgWVkJT5fsQc2mw:1uyyPf:3gk0UfAD_anlUhNvcChjjMjonrKqi9zcS8CUFCQnCZU", "expire_date": "2025-10-01T20:05:59.162Z"}}, {"model": "sessions.session", "pk": "qaon49rbempud9kjn8mmugz24m3udpa3", "fields": {"session_data": ".eJxVjDEOwyAUQ-_CXCH-DxDo2D1nQBA-JW0FUkimqncvkTK0m-1n-82c37fs9karWyK7MmCX3yz4-UnlAPHhy73yuZZtXQI_KvykjU810ut2dv8Osm-5rw2CEslGVCi1sFrDAEYpNYIkJJDBhgSaLGqRoBsT0UMXs4VxoGjY5wuaqzaJ:1uz7zo:YzA04ommWQPfpMJj4DQ9YogzRxbSoE6j4A0xoMy2S9w", "expire_date": "2025-10-02T06:19:56.942Z"}}, {"model": "sessions.session", "pk": "qpyriqktbhqgmer6yhathqp9ca5hdhqc", "fields": {"session_data": ".eJxVjMsOwiAQRf-FtSHCDC-X7v0GMjBEqgaS0q6M_26bdKHbe865bxFpXWpcR5njxOIilDj9bonys7Qd8IPavcvc2zJPSe6KPOiQt87ldT3cv4NKo251YM8-GIsJODsApZ0vAB5RWZOd0eqs2ZOxhBt2zhCSDYEDgWVkJT5fsQc2mw:1uyxMU:3p1oofAg9WQIQ5AJJriMK8P_gbcMJnMdoFIy9OEfC94", "expire_date": "2025-10-01T18:58:38.690Z"}}, {"model": "sessions.session", "pk": "qu52yo2j10cpxubg6lcg61oyjz5hpe8l", "fields": {"session_data": ".eJxVjMsOwiAQRf-FtSHCDC-X7v0GMjBEqgaS0q6M_26bdKHbe865bxFpXWpcR5njxOIilDj9bonys7Qd8IPavcvc2zJPSe6KPOiQt87ldT3cv4NKo251YM8-GIsJODsApZ0vAB5RWZOd0eqs2ZOxhBt2zhCSDYEDgWVkJT5fsQc2mw:1uyy5m:NBQkGYhCJn5U-OlFtuZpwJxdxFD8Ktctta6YvMGJ3ug", "expire_date": "2025-10-01T19:45:26.111Z"}}, {"model": "sessions.session", "pk": "qwm8h95rysmj7k99vbgkp4y0u8acn5v5", "fields": {"session_data": ".eJxVjMsOwiAURP-FtSHQmwp16d5vIPcBUjWQlHZl_Hdp0oVmdnPOzFsF3NYcthaXMIu6KFCn346Qn7HsQB5Y7lVzLesyk94VfdCmb1Xi63q4fwcZW-5rcuwYjfHEPAownEdkY6GHxFOKMKA1HmmgBJwQp24L24mMIKBTny8L4zlF:1uywbS:VjTE4ZxtVBU8DdoNCP639RJ63lT0VcXl-ypa-F1Z3BM", "expire_date": "2025-10-01T18:10:02.390Z"}}, {"model": "sessions.session", "pk": "qy59irj1zr72c2iiox2dc8f4ydhu4k4z", "fields": {"session_data": ".eJxVjDEOwyAUQ-_CXCH-DxDo2D1nQBA-JW0FUkimqncvkTK0m-1n-82c37fs9karWyK7MmCX3yz4-UnlAPHhy73yuZZtXQI_KvykjU810ut2dv8Osm-5rw2CEslGVCi1sFrDAEYpNYIkJJDBhgSaLGqRoBsT0UMXs4VxoGjY5wuaqzaJ:1uz9im:Q5EF7qs0EDCm9-prh-QvJA2rPL19LmiKeIzTrt9zJog", "expire_date": "2025-10-02T08:10:28.285Z"}}, {"model": "sessions.session", "pk": "raymojn9ue6uo8tgu1n1yi6p5rz8xvfn", "fields": {"session_data": ".eJxVjMsOwiAURP-FtSHQmwp16d5vIPcBUjWQlHZl_Hdp0oVmdnPOzFsF3NYcthaXMIu6KFCn346Qn7HsQB5Y7lVzLesyk94VfdCmb1Xi63q4fwcZW-5rcuwYjfHEPAownEdkY6GHxFOKMKA1HmmgBJwQp24L24mMIKBTny8L4zlF:1uyvoi:KyRyvsLySqRE_sZQN2AYnE8QjdfmjR2SNYHSyoXvyUc", "expire_date": "2025-10-01T17:19:40.241Z"}}, {"model": "sessions.session", "pk": "rk2exgc9uq6fo1wyjyuabnj8389x47db", "fields": {"session_data": ".eJxVjDEOwyAUQ-_CXCH-DxDo2D1nQBA-JW0FUkimqncvkTK0m-1n-82c37fs9karWyK7MmCX3yz4-UnlAPHhy73yuZZtXQI_KvykjU810ut2dv8Osm-5rw2CEslGVCi1sFrDAEYpNYIkJJDBhgSaLGqRoBsT0UMXs4VxoGjY5wuaqzaJ:1uz9k7:-2x032Hm4wc-i1uLbzzTWwMfrfzhjM24OI4NPTYZ3pY", "expire_date": "2025-10-02T08:11:51.641Z"}}, {"model": "sessions.session", "pk": "ro0qvp26tvbhpilyulmx02ux5lgdhwqy", "fields": {"session_data": ".eJxVjssOwiAURP-FtSHC5enSvd9ALlxSqoYmha6M_25JmqjbOTOT82IBt17C1vIaZmIXJtjpN4uYHrkOQHes08LTUvs6Rz4q_KCN3xbKz-vR_Tso2Mq-9uTIeW1UBEoWQEjrMoBTShidrJbiLMmhNqh2bK1GhcZ78giGFA2rjuuU-1cV3h8AYz1J:1uyySZ:1iaajtVUWJPO_EFfgwqeC0mAVlMk3bqBHwGNVFa-M0w", "expire_date": "2025-10-01T20:08:59.397Z"}}, {"model": "sessions.session", "pk": "rsjxehwqa52fb9qj16p5sj1sfupf880y", "fields": {"session_data": ".eJxVjMsOwiAQRf-FtSHCDC-X7v0GMjBEqgaS0q6M_26bdKHbe865bxFpXWpcR5njxOIilDj9bonys7Qd8IPavcvc2zJPSe6KPOiQt87ldT3cv4NKo251YM8-GIsJODsApZ0vAB5RWZOd0eqs2ZOxhBt2zhCSDYEDgWVkJT5fsQc2mw:1uyy7t:0agLbLZoK88PkgDLctPML9xqmvTA7111SuMuWQe3vm0", "expire_date": "2025-10-01T19:47:37.134Z"}}, {"model": "sessions.session", "pk": "runbvlwolzkfq0049r3hoyonjdg7ghb5", "fields": {"session_data": ".eJxVjssOwiAURP-FtSHC5enSvd9ALlxSqoYmha6M_25JmqjbOTOT82IBt17C1vIaZmIXJtjpN4uYHrkOQHes08LTUvs6Rz4q_KCN3xbKz-vR_Tso2Mq-9uTIeW1UBEoWQEjrMoBTShidrJbiLMmhNqh2bK1GhcZ78giGFA2rjuuU-1cV3h8AYz1J:1uyyT8:mvGq0oBzmSav0EdDIYXrBjrtDgaEGSiSDR4V2cym238", "expire_date": "2025-10-01T20:09:34.447Z"}}, {"model": "sessions.session", "pk": "shn4kqim9hg636yjirh44h995g8ni030", "fields": {"session_data": ".eJxVjDEOwyAUQ-_CXCH-DxDo2D1nQBA-JW0FUkimqncvkTK0m-1n-82c37fs9karWyK7MmCX3yz4-UnlAPHhy73yuZZtXQI_KvykjU810ut2dv8Osm-5rw2CEslGVCi1sFrDAEYpNYIkJJDBhgSaLGqRoBsT0UMXs4VxoGjY5wuaqzaJ:1uz9y6:bxNnlwOpdQSC9MTEDuTeJZ_hOaCrAnmNRrJ3tK-RuuE", "expire_date": "2025-10-02T08:26:18.687Z"}}, {"model": "sessions.session", "pk": "sj44zii9l9s4tahy6fhl4a62rc0apxap", "fields": {"session_data": ".eJxVjDEOwyAUQ-_CXCH-DxDo2D1nQBA-JW0FUkimqncvkTK0m-1n-82c37fs9karWyK7MmCX3yz4-UnlAPHhy73yuZZtXQI_KvykjU810ut2dv8Osm-5rw2CEslGVCi1sFrDAEYpNYIkJJDBhgSaLGqRoBsT0UMXs4VxoGjY5wuaqzaJ:1uz85y:r-4Dg6AoFZ9IdXK-we-MWr-uUKyDEjGZUcMX-BwFgps", "expire_date": "2025-10-02T06:26:18.235Z"}}, {"model": "sessions.session", "pk": "smg7uyvqwa9jusspmvm0lx9bosd1lrko", "fields": {"session_data": ".eJxVjMsOwiAQRf-FtSHCDC-X7v0GMjBEqgaS0q6M_26bdKHbe865bxFpXWpcR5njxOIilDj9bonys7Qd8IPavcvc2zJPSe6KPOiQt87ldT3cv4NKo251YM8-GIsJODsApZ0vAB5RWZOd0eqs2ZOxhBt2zhCSDYEDgWVkJT5fsQc2mw:1uyxyY:-_MyDQuBuCL94Wllyjk78KQVQbzi8rcrDm9hkeWbbY0", "expire_date": "2025-10-01T19:37:58.011Z"}}, {"model": "sessions.session", "pk": "stu9sz2lwa5m064g5584u8ii8969pz1g", "fields": {"session_data": ".eJxVjMsOwiAQRf-FtSHCDC-X7v0GMjBEqgaS0q6M_26bdKHbe865bxFpXWpcR5njxOIilDj9bonys7Qd8IPavcvc2zJPSe6KPOiQt87ldT3cv4NKo251YM8-GIsJODsApZ0vAB5RWZOd0eqs2ZOxhBt2zhCSDYEDgWVkJT5fsQc2mw:1uyxyQ:vmYzmAg5HDZDZfRaA4HXE8JMY9-OE_qRyq8QHLl2FDY", "expire_date": "2025-10-01T19:37:50.344Z"}}, {"model": "sessions.session", "pk": "t1aalsdb98s17q3hi96b5cb24srw0ht6", "fields": {"session_data": ".eJxVjMsOwiAURP-FtSHQmwp16d5vIPcBUjWQlHZl_Hdp0oVmdnPOzFsF3NYcthaXMIu6KFCn346Qn7HsQB5Y7lVzLesyk94VfdCmb1Xi63q4fwcZW-5rcuwYjfHEPAownEdkY6GHxFOKMKA1HmmgBJwQp24L24mMIKBTny8L4zlF:1uywc0:Sf2GJIXSTKmdD2HghKOz381SAYHBN3Hv6-fJWim36sw", "expire_date": "2025-10-01T18:10:36.305Z"}}, {"model": "sessions.session", "pk": "tfliwdfmikxm7zkxn7aepfk6ygo6jrn2", "fields": {"session_data": ".eJxVjMsOwiAQRf-FtSHCDC-X7v0GMjBEqgaS0q6M_26bdKHbe865bxFpXWpcR5njxOIilDj9bonys7Qd8IPavcvc2zJPSe6KPOiQt87ldT3cv4NKo251YM8-GIsJODsApZ0vAB5RWZOd0eqs2ZOxhBt2zhCSDYEDgWVkJT5fsQc2mw:1uyxN0:ai80MMhLpdWl5XIKGcfP6ZYrsFlg50aXrg9fzy_r_1Y", "expire_date": "2025-10-01T18:59:10.488Z"}}, {"model": "sessions.session", "pk": "tgyfi4t0dpsemibpgkrqlfkynrajyp3v", "fields": {"session_data": ".eJxVjDEOwyAUQ-_CXCH-DxDo2D1nQBA-JW0FUkimqncvkTK0m-1n-82c37fs9karWyK7MmCX3yz4-UnlAPHhy73yuZZtXQI_KvykjU810ut2dv8Osm-5rw2CEslGVCi1sFrDAEYpNYIkJJDBhgSaLGqRoBsT0UMXs4VxoGjY5wuaqzaJ:1uz9zK:oLjCN6vQ2dekIxzK0rsrAe6i9cgP6YmngNfjASSC3wY", "expire_date": "2025-10-02T08:27:34.533Z"}}, {"model": "sessions.session", "pk": "u305beaw7wp2oevojp4p1pnt9h2uin75", "fields": {"session_data": ".eJxVjDEOwyAUQ-_CXCH-DxDo2D1nQBA-JW0FUkimqncvkTK0m-1n-82c37fs9karWyK7MmCX3yz4-UnlAPHhy73yuZZtXQI_KvykjU810ut2dv8Osm-5rw2CEslGVCi1sFrDAEYpNYIkJJDBhgSaLGqRoBsT0UMXs4VxoGjY5wuaqzaJ:1uz9tG:TOrnWJLKnmnwllxMkG-T2NnROj0hF9c6v9MVsOwRS8s", "expire_date": "2025-10-02T08:21:18.136Z"}}, {"model": "sessions.session", "pk": "ubtoasssxqt0hyffalrsikxpwlyg2n54", "fields": {"session_data": ".eJxVjDEOwyAUQ-_CXCH-DxDo2D1nQBA-JW0FUkimqncvkTK0m-1n-82c37fs9karWyK7MmCX3yz4-UnlAPHhy73yuZZtXQI_KvykjU810ut2dv8Osm-5rw2CEslGVCi1sFrDAEYpNYIkJJDBhgSaLGqRoBsT0UMXs4VxoGjY5wuaqzaJ:1uz9wZ:STbIHKRa1BZZUIuRe7u9lzVBDcRCB-H_Jm5TATAMGI8", "expire_date": "2025-10-02T08:24:43.108Z"}}, {"model": "sessions.session", "pk": "ucp0zm3p22vw2pyqx45tupyx4pbif060", "fields": {"session_data": ".eJxVjMsOwiAQRf-FtSHCDC-X7v0GMjBEqgaS0q6M_26bdKHbe865bxFpXWpcR5njxOIilDj9bonys7Qd8IPavcvc2zJPSe6KPOiQt87ldT3cv4NKo251YM8-GIsJODsApZ0vAB5RWZOd0eqs2ZOxhBt2zhCSDYEDgWVkJT5fsQc2mw:1uyy62:GLuCopsOdYslAYLZ1_r_ggAFEM5jaoB31MOvanXAf8k", "expire_date": "2025-10-01T19:45:42.588Z"}}, {"model": "sessions.session", "pk": "ugwl6avpeqdq3l6vjv0hcvp5gnpg8vfb", "fields": {"session_data": ".eJxVjMsOwiAQRf-FtSHCDC-X7v0GMjBEqgaS0q6M_26bdKHbe865bxFpXWpcR5njxOIilDj9bonys7Qd8IPavcvc2zJPSe6KPOiQt87ldT3cv4NKo251YM8-GIsJODsApZ0vAB5RWZOd0eqs2ZOxhBt2zhCSDYEDgWVkJT5fsQc2mw:1uyxcN:HFNUQJMtH1_sULYoAp0krp6hDMRlKPJ16yr9hwkXVrw", "expire_date": "2025-10-01T19:15:03.203Z"}}, {"model": "sessions.session", "pk": "uixk515i4vw8uce9mfmfwd8brnqgch8d", "fields": {"session_data": ".eJxVjMsOwiAQRf-FtSHCDC-X7v0GMjBEqgaS0q6M_26bdKHbe865bxFpXWpcR5njxOIilDj9bonys7Qd8IPavcvc2zJPSe6KPOiQt87ldT3cv4NKo251YM8-GIsJODsApZ0vAB5RWZOd0eqs2ZOxhBt2zhCSDYEDgWVkJT5fsQc2mw:1uyy0p:GT6x2tlE1T-4xxXdRNV1jECqpylKImXRUn5wrPgIMYI", "expire_date": "2025-10-01T19:40:19.202Z"}}, {"model": "sessions.session", "pk": "uj0nf567dqjxc8ghtif3mo4ob2yi02bb", "fields": {"session_data": ".eJxVjMsOwiAQRf-FtSHCDC-X7v0GMjBEqgaS0q6M_26bdKHbe865bxFpXWpcR5njxOIilDj9bonys7Qd8IPavcvc2zJPSe6KPOiQt87ldT3cv4NKo251YM8-GIsJODsApZ0vAB5RWZOd0eqs2ZOxhBt2zhCSDYEDgWVkJT5fsQc2mw:1uyxYP:6-B9yqYN7sNagw_tiKAfORKvZO4P1MUpeEMscT0f-l0", "expire_date": "2025-10-01T19:10:57.441Z"}}, {"model": "sessions.session", "pk": "un5t59lrxyh7tul2lbpnnmlqvsrdklqw", "fields": {"session_data": ".eJxVjMsOwiAQRf-FtSHCDC-X7v0GMjBEqgaS0q6M_26bdKHbe865bxFpXWpcR5njxOIilDj9bonys7Qd8IPavcvc2zJPSe6KPOiQt87ldT3cv4NKo251YM8-GIsJODsApZ0vAB5RWZOd0eqs2ZOxhBt2zhCSDYEDgWVkJT5fsQc2mw:1uyyJ6:gXIAEyqjc_TzFJ3OYc2DD1Xy_fYbb4C8vYQ1GYzy7xI", "expire_date": "2025-10-01T19:59:12.349Z"}}, {"model": "sessions.session", "pk": "uoap87777yi4x6ctdx0qyuvofsy6i8xr", "fields": {"session_data": ".eJxVjMsOwiAURP-FtSHQmwp16d5vIPcBUjWQlHZl_Hdp0oVmdnPOzFsF3NYcthaXMIu6KFCn346Qn7HsQB5Y7lVzLesyk94VfdCmb1Xi63q4fwcZW-5rcuwYjfHEPAownEdkY6GHxFOKMKA1HmmgBJwQp24L24mMIKBTny8L4zlF:1uzeCC:0CTCQl44F-krsG9mJyhtHljRPYInAHLM_d_F5JFRqI8", "expire_date": "2025-10-03T16:42:52.311Z"}}, {"model": "sessions.session", "pk": "vakcx3eguyy81fdr1m90at0r6c5th0k6", "fields": {"session_data": ".eJxVjMsOwiAURP-FtSHQmwp16d5vIPcBUjWQlHZl_Hdp0oVmdnPOzFsF3NYcthaXMIu6KFCn346Qn7HsQB5Y7lVzLesyk94VfdCmb1Xi63q4fwcZW-5rcuwYjfHEPAownEdkY6GHxFOKMKA1HmmgBJwQp24L24mMIKBTny8L4zlF:1uywdI:aq5r-edpbILNZjgb_dNixN-zJc913LHH-DzDI5lHNfg", "expire_date": "2025-10-01T18:11:56.547Z"}}, {"model": "sessions.session", "pk": "varuzaklxg6w64zn9s08aclrfbh6ojqa", "fields": {"session_data": ".eJxVjDEOwyAUQ-_CXCH-DxDo2D1nQBA-JW0FUkimqncvkTK0m-1n-82c37fs9karWyK7MmCX3yz4-UnlAPHhy73yuZZtXQI_KvykjU810ut2dv8Osm-5rw2CEslGVCi1sFrDAEYpNYIkJJDBhgSaLGqRoBsT0UMXs4VxoGjY5wuaqzaJ:1uz8Fr:I4QcCG0e7w-zsI8MaKyl7OB7Yvw0QEUKMX9e8dB4gIA", "expire_date": "2025-10-02T06:36:31.996Z"}}, {"model": "sessions.session", "pk": "vgt3w56xhi9l7gkdf3u099kqht9b7gbv", "fields": {"session_data": ".eJxVjMsOwiAURP-FtSHQmwp16d5vIPcBUjWQlHZl_Hdp0oVmdnPOzFsF3NYcthaXMIu6KFCn346Qn7HsQB5Y7lVzLesyk94VfdCmb1Xi63q4fwcZW-5rcuwYjfHEPAownEdkY6GHxFOKMKA1HmmgBJwQp24L24mMIKBTny8L4zlF:1uywdV:UnNtrJ4GVWV9E4LAgpwbbLv0rQCIOkgPf6hSeJrw1LI", "expire_date": "2025-10-01T18:12:09.814Z"}}, {"model": "sessions.session", "pk": "vn07gjrajxasyk40kns3nlk5gify079s", "fields": {"session_data": ".eJxVjMsOwiAQRf-FtSHCDC-X7v0GMjBEqgaS0q6M_26bdKHbe865bxFpXWpcR5njxOIilDj9bonys7Qd8IPavcvc2zJPSe6KPOiQt87ldT3cv4NKo251YM8-GIsJODsApZ0vAB5RWZOd0eqs2ZOxhBt2zhCSDYEDgWVkJT5fsQc2mw:1uyxep:e-0SHmHRWmEJQAVpnGKTjxEbteTTqhbvTTCiF8bC2mY", "expire_date": "2025-10-01T19:17:35.469Z"}}, {"model": "sessions.session", "pk": "vq3ub7dma9tr0gurhqmlz2ij6abqz0f2", "fields": {"session_data": ".eJxVjDEOwyAUQ-_CXCH-DxDo2D1nQBA-JW0FUkimqncvkTK0m-1n-82c37fs9karWyK7MmCX3yz4-UnlAPHhy73yuZZtXQI_KvykjU810ut2dv8Osm-5rw2CEslGVCi1sFrDAEYpNYIkJJDBhgSaLGqRoBsT0UMXs4VxoGjY5wuaqzaJ:1uz838:KPCf_Qc9BVqKQa6OgHX9Kq620HhxWfBWU8vWGK_oPOs", "expire_date": "2025-10-02T06:23:22.770Z"}}, {"model": "sessions.session", "pk": "vtqr4u7on0ssqkilwlgcdwzd6zt6yeen", "fields": {"session_data": ".eJxVjMsOwiAQRf-FtSHCDC-X7v0GMjBEqgaS0q6M_26bdKHbe865bxFpXWpcR5njxOIilDj9bonys7Qd8IPavcvc2zJPSe6KPOiQt87ldT3cv4NKo251YM8-GIsJODsApZ0vAB5RWZOd0eqs2ZOxhBt2zhCSDYEDgWVkJT5fsQc2mw:1uyxhz:seQUfnXJc_-hHqEtDaS55GSGPZRAGQFD85E9N8fI3qI", "expire_date": "2025-10-01T19:20:51.573Z"}}, {"model": "sessions.session", "pk": "w10q1jvc0bpq159jkzsn6fv0y5y2qczy", "fields": {"session_data": ".eJxVjDsOwjAUBO_iGlk2Mf5Q0ucM1ntrBweQI8VJhbg7iZQC2p2ZfYtI61Li2vIcxySuQmtx-h2Z8Mx1J-lB9T5JTHWZR5a7Ig_aZD-l_Lod7t9BoVa2mjOxgzakYJ0zxiePIYdwGTRgz9Y7pYJnMNMmBnQGNitwlwJb4yE-XydrOPw:1uyvzS:PCaF2P1DFiO5bLeem5BOPwqRxrnCiwkohvjIbQ--eUs", "expire_date": "2025-10-01T17:30:46.745Z"}}, {"model": "sessions.session", "pk": "w28w3lnm7d7n67fw1g2zm2zk2qf9mvns", "fields": {"session_data": ".eJxVjDEOwyAUQ-_CXCH-DxDo2D1nQBA-JW0FUkimqncvkTK0m-1n-82c37fs9karWyK7MmCX3yz4-UnlAPHhy73yuZZtXQI_KvykjU810ut2dv8Osm-5rw2CEslGVCi1sFrDAEYpNYIkJJDBhgSaLGqRoBsT0UMXs4VxoGjY5wuaqzaJ:1uz77q:QNE_bMWJzHPL1mUkQZVH_rXd1e21IdlosoAIq2a2jTM", "expire_date": "2025-10-02T05:24:10.173Z"}}, {"model": "sessions.session", "pk": "w3r0983g2vv45art0chcnrgyw2qwgh7m", "fields": {"session_data": ".eJxVjMsOwiAQRf-FtSHCDC-X7v0GMjBEqgaS0q6M_26bdKHbe865bxFpXWpcR5njxOIilDj9bonys7Qd8IPavcvc2zJPSe6KPOiQt87ldT3cv4NKo251YM8-GIsJODsApZ0vAB5RWZOd0eqs2ZOxhBt2zhCSDYEDgWVkJT5fsQc2mw:1uyxvj:zFXBd9ziBH6jqY1OL7_OwtXeJ3VIqNeZK9oMMl9MfKE", "expire_date": "2025-10-01T19:35:03.882Z"}}, {"model": "sessions.session", "pk": "we33lo90ni3nyd8xkyr7n8u97qz269kk", "fields": {"session_data": ".eJxVjMsOwiAQRf-FtSHCDC-X7v0GMjBEqgaS0q6M_26bdKHbe865bxFpXWpcR5njxOIilDj9bonys7Qd8IPavcvc2zJPSe6KPOiQt87ldT3cv4NKo251YM8-GIsJODsApZ0vAB5RWZOd0eqs2ZOxhBt2zhCSDYEDgWVkJT5fsQc2mw:1uyyP6:YJeI3-l58_Z8hUOLndmP7Pep4zV8bHbAq0ncEneVczQ", "expire_date": "2025-10-01T20:05:24.278Z"}}, {"model": "sessions.session", "pk": "wiv79c8uxnbec31obi6osjhnbf4gqja1", "fields": {"session_data": ".eJxVjMsOwiAQRf-FtSHCDC-X7v0GMjBEqgaS0q6M_26bdKHbe865bxFpXWpcR5njxOIilDj9bonys7Qd8IPavcvc2zJPSe6KPOiQt87ldT3cv4NKo251YM8-GIsJODsApZ0vAB5RWZOd0eqs2ZOxhBt2zhCSDYEDgWVkJT5fsQc2mw:1uywp6:sq3uvlKvv2cfbP7pvfdn-aGlMVulafJJLAhagR20OcI", "expire_date": "2025-10-01T18:24:08.753Z"}}, {"model": "sessions.session", "pk": "wuuyvxcbex6igyh6zf9o94codrg2jm4d", "fields": {"session_data": ".eJxVjDEOwyAUQ-_CXCH-DxDo2D1nQBA-JW0FUkimqncvkTK0m-1n-82c37fs9karWyK7MmCX3yz4-UnlAPHhy73yuZZtXQI_KvykjU810ut2dv8Osm-5rw2CEslGVCi1sFrDAEYpNYIkJJDBhgSaLGqRoBsT0UMXs4VxoGjY5wuaqzaJ:1uz8Dm:R9hYF7rPUVYzRgMl7wogA5MNKme0ojsRbt1mUVbZzoU", "expire_date": "2025-10-02T06:34:22.900Z"}}, {"model": "sessions.session", "pk": "x5bc5xwtkxts1icx7q1981d7twrqx2lh", "fields": {"session_data": ".eJxVjDEOwyAUQ-_CXCH-DxDo2D1nQBA-JW0FUkimqncvkTK0m-1n-82c37fs9karWyK7MmCX3yz4-UnlAPHhy73yuZZtXQI_KvykjU810ut2dv8Osm-5rw2CEslGVCi1sFrDAEYpNYIkJJDBhgSaLGqRoBsT0UMXs4VxoGjY5wuaqzaJ:1uz90W:LhqyDjQ5K7dsU-PfxOnZpGZgeclnbbs7K2ZMwVpJYnY", "expire_date": "2025-10-02T07:24:44.275Z"}}, {"model": "sessions.session", "pk": "xrqqmg64uh4mys251wjg7bxfyv8xm0ax", "fields": {"session_data": ".eJxVjMEOwiAQRP-FsyGwYYl49O43kGV3I1UDSWlPxn-3TXrQOc57M2-TaV1qXofOeRJzMWhOv10hfmrbgTyo3bvl3pZ5KnZX7EGHvXXR1_Vw_w4qjbqtQUQdowb14ukcEQXQOSIpIIVFU6KEHFWYIKRYYgCnWyBBCOTN5wsSazjh:1uyvrQ:gMhh_2viU4TlcL1ELXsuGc7VTTEw1h9AsRDIE-vAJQQ", "expire_date": "2025-10-01T17:22:28.969Z"}}, {"model": "sessions.session", "pk": "xtt7cr2gvefrf33csp7jdgd2oe3ig5rb", "fields": {"session_data": ".eJxVjDEOwyAUQ-_CXCH-DxDo2D1nQBA-JW0FUkimqncvkTK0m-1n-82c37fs9karWyK7MmCX3yz4-UnlAPHhy73yuZZtXQI_KvykjU810ut2dv8Osm-5rw2CEslGVCi1sFrDAEYpNYIkJJDBhgSaLGqRoBsT0UMXs4VxoGjY5wuaqzaJ:1uz8yA:V0dAPn56FupqmQfX9mLpiNWEuwZ6BUdThk25_pCDjk4", "expire_date": "2025-10-02T07:22:18.189Z"}}, {"model": "sessions.session", "pk": "xv516x34efj98ntw8f2ic8k0totmp116", "fields": {"session_data": ".eJxVjMsOwiAQRf-FtSHCDC-X7v0GMjBEqgaS0q6M_26bdKHbe865bxFpXWpcR5njxOIilDj9bonys7Qd8IPavcvc2zJPSe6KPOiQt87ldT3cv4NKo251YM8-GIsJODsApZ0vAB5RWZOd0eqs2ZOxhBt2zhCSDYEDgWVkJT5fsQc2mw:1uyxfG:r6mMO_bFfBOaagLEkEoCjgwMxOU191DkbfanKaTy9jE", "expire_date": "2025-10-01T19:18:02.294Z"}}, {"model": "sessions.session", "pk": "xw3il7fix6dbb4b6j76sdj9iwuvauim9", "fields": {"session_data": ".eJxVjDEOwyAUQ-_CXCH-DxDo2D1nQBA-JW0FUkimqncvkTK0m-1n-82c37fs9karWyK7MmCX3yz4-UnlAPHhy73yuZZtXQI_KvykjU810ut2dv8Osm-5rw2CEslGVCi1sFrDAEYpNYIkJJDBhgSaLGqRoBsT0UMXs4VxoGjY5wuaqzaJ:1uz8eM:QjvPY20ocI9WrVMQc9KUL_roS-NbV895VacAoql9Ks8", "expire_date": "2025-10-02T07:01:50.297Z"}}, {"model": "sessions.session", "pk": "y3acccvdqvuts0b4qubdl1p9241s551g", "fields": {"session_data": ".eJxVjDEOwyAUQ-_CXCH-DxDo2D1nQBA-JW0FUkimqncvkTK0m-1n-82c37fs9karWyK7MmCX3yz4-UnlAPHhy73yuZZtXQI_KvykjU810ut2dv8Osm-5rw2CEslGVCi1sFrDAEYpNYIkJJDBhgSaLGqRoBsT0UMXs4VxoGjY5wuaqzaJ:1uz8YB:hKDDG_a5WuMkFnM93G2FIN0dMhvDDECqDMZWKq-a7ig", "expire_date": "2025-10-02T06:55:27.525Z"}}, {"model": "sessions.session", "pk": "y3lb7u6mucz16f49x55dtr3a3a3wzjzz", "fields": {"session_data": ".eJxVjMsOwiAQRf-FtSHCDC-X7v0GMjBEqgaS0q6M_26bdKHbe865bxFpXWpcR5njxOIilDj9bonys7Qd8IPavcvc2zJPSe6KPOiQt87ldT3cv4NKo251YM8-GIsJODsApZ0vAB5RWZOd0eqs2ZOxhBt2zhCSDYEDgWVkJT5fsQc2mw:1uywyY:NerRh-xENbhGEkwR35aSkXtAcCk1XR3foEDmgbHBuao", "expire_date": "2025-10-01T18:33:54.365Z"}}, {"model": "sessions.session", "pk": "y4wkehz3pbh85fl4zs0f91cbqvdwcbq9", "fields": {"session_data": ".eJxVjMsOwiAQRf-FtSHCDC-X7v0GMjBEqgaS0q6M_26bdKHbe865bxFpXWpcR5njxOIilDj9bonys7Qd8IPavcvc2zJPSe6KPOiQt87ldT3cv4NKo251YM8-GIsJODsApZ0vAB5RWZOd0eqs2ZOxhBt2zhCSDYEDgWVkJT5fsQc2mw:1uyyFQ:B0yPbag0qbmI-qD4E82cwYhirYxKOYlg9Gpx369nPTA", "expire_date": "2025-10-01T19:55:24.832Z"}}, {"model": "sessions.session", "pk": "ymwhih5qvoxd0dz7ic2y52ryh72apvya", "fields": {"session_data": ".eJxVjDEOwyAUQ-_CXCH-DxDo2D1nQBA-JW0FUkimqncvkTK0m-1n-82c37fs9karWyK7MmCX3yz4-UnlAPHhy73yuZZtXQI_KvykjU810ut2dv8Osm-5rw2CEslGVCi1sFrDAEYpNYIkJJDBhgSaLGqRoBsT0UMXs4VxoGjY5wuaqzaJ:1uz8K6:z3i_b4cisv-Bnq_f3t5-COWFq70525n6Tyk0lADqfRY", "expire_date": "2025-10-02T06:40:54.462Z"}}, {"model": "sessions.session", "pk": "yu3uwip5ta5hramagvtexo3duqg3kyvv", "fields": {"session_data": ".eJxVjMsOwiAQRf-FtSHCDC-X7v0GMjBEqgaS0q6M_26bdKHbe865bxFpXWpcR5njxOIilDj9bonys7Qd8IPavcvc2zJPSe6KPOiQt87ldT3cv4NKo251YM8-GIsJODsApZ0vAB5RWZOd0eqs2ZOxhBt2zhCSDYEDgWVkJT5fsQc2mw:1uyx9L:bry6Or-_yp8zdBfN0sFPkZ5PjPzl0onApg6FCeEddAs", "expire_date": "2025-10-01T18:45:03.570Z"}}, {"model": "sessions.session", "pk": "z5wwj300r9i7gh0t37p3wuzox1wxwxo8", "fields": {"session_data": ".eJxVjDEOwyAUQ-_CXCH-DxDo2D1nQBA-JW0FUkimqncvkTK0m-1n-82c37fs9karWyK7MmCX3yz4-UnlAPHhy73yuZZtXQI_KvykjU810ut2dv8Osm-5rw2CEslGVCi1sFrDAEYpNYIkJJDBhgSaLGqRoBsT0UMXs4VxoGjY5wuaqzaJ:1uz9uJ:ZNJ9NTqgRHzH7P_mf9iCjzcB5Bi2aosmPfbEUZeyHtU", "expire_date": "2025-10-02T08:22:23.832Z"}}, {"model": "sessions.session", "pk": "z87t1rexks05b11sw5qul24wbc7qpxbe", "fields": {"session_data": ".eJxVjMsOwiAQRf-FtSHCDC-X7v0GMjBEqgaS0q6M_26bdKHbe865bxFpXWpcR5njxOIilDj9bonys7Qd8IPavcvc2zJPSe6KPOiQt87ldT3cv4NKo251YM8-GIsJODsApZ0vAB5RWZOd0eqs2ZOxhBt2zhCSDYEDgWVkJT5fsQc2mw:1uyyPT:NFtMOUY8ui6_vMyXyf6b8m9_zNm5BX7-wkK_IF-wVo0", "expire_date": "2025-10-01T20:05:47.949Z"}}, {"model": "sessions.session", "pk": "zfdd3x7gaq8fhjibdi3o2suw1og0kbzi", "fields": {"session_data": ".eJxVjDEOwyAUQ-_CXCH-DxDo2D1nQBA-JW0FUkimqncvkTK0m-1n-82c37fs9karWyK7MmCX3yz4-UnlAPHhy73yuZZtXQI_KvykjU810ut2dv8Osm-5rw2CEslGVCi1sFrDAEYpNYIkJJDBhgSaLGqRoBsT0UMXs4VxoGjY5wuaqzaJ:1uz8Nd:wlbUhik35bAHCM6JcRas-uu2uyJgt4UVm_RP88J4JLw", "expire_date": "2025-10-02T06:44:33.541Z"}}, {"model": "sessions.session", "pk": "zo2c9tksemx7h8510l87qxkuv0whvslz", "fields": {"session_data": ".eJxVjMsOwiAQRf-FtSHCDC-X7v0GMjBEqgaS0q6M_26bdKHbe865bxFpXWpcR5njxOIilDj9bonys7Qd8IPavcvc2zJPSe6KPOiQt87ldT3cv4NKo251YM8-GIsJODsApZ0vAB5RWZOd0eqs2ZOxhBt2zhCSDYEDgWVkJT5fsQc2mw:1uyyBS:_Q-TtYW9r7bOdVETr0-G-qUbeJd7kw8PydhJGMK8CnQ", "expire_date": "2025-10-01T19:51:18.566Z"}}, {"model": "sessions.session", "pk": "zp2kjvbwqou3wjo2hosm3rxtqh1673va", "fields": {"session_data": ".eJxVjDEOwyAUQ-_CXCH-DxDo2D1nQBA-JW0FUkimqncvkTK0m-1n-82c37fs9karWyK7MmCX3yz4-UnlAPHhy73yuZZtXQI_KvykjU810ut2dv8Osm-5rw2CEslGVCi1sFrDAEYpNYIkJJDBhgSaLGqRoBsT0UMXs4VxoGjY5wuaqzaJ:1uz8D9:QJ6RGegl40r0zYGT_qSdYunXNv5ChD4Msfi-bQcXClU", "expire_date": "2025-10-02T06:33:43.039Z"}}, {"model": "sessions.session", "pk": "zs3jtuwldrl5wibjirjyuan6xxpvhr3x", "fields": {"session_data": ".eJxVjMsOwiAQRf-FtSHCDC-X7v0GMjBEqgaS0q6M_26bdKHbe865bxFpXWpcR5njxOIilDj9bonys7Qd8IPavcvc2zJPSe6KPOiQt87ldT3cv4NKo251YM8-GIsJODsApZ0vAB5RWZOd0eqs2ZOxhBt2zhCSDYEDgWVkJT5fsQc2mw:1uyvnv:YZeNMtEdbp85e2YNVIQ1kct-frZKKwrY5p0QPBZxiI0", "expire_date": "2025-10-01T17:18:51.841Z"}}, {"model": "sessions.session", "pk": "zss878ov00nnus0b3bm49q0gyetosva6", "fields": {"session_data": ".eJxVjDsOwjAUBO_iGlk2cfyhpOcM1ntrBweQI8VJhbg7iZQC2p2ZfYtI61Li2vIcxyQuQvfi9Dsy4ZnrTtKD6n2SmOoyjyx3RR60yduU8ut6uH8HhVrZas7EDtqQgnXOGJ88hhxCP2jAnq13SgXPYKZNDOgMbFbgLgW2xkN8vinPOQA:1uyw2Q:c9oBMcowG2yMR49OeEcmCIFYEG6lqNrjuFKAGcRvc9Y", "expire_date": "2025-10-01T17:33:50.112Z"}}, {"model": "auth.permission", "fields": {"name": "Can add log entry", "content_type": ["admin", "logentry"], "codename": "add_logentry"}}, {"model": "auth.permission", "fields": {"name": "Can change log entry", "content_type": ["admin", "logentry"], "codename": "change_logentry"}}, {"model": "auth.permission", "fields": {"name": "Can delete log entry", "content_type": ["admin", "logentry"], "codename": "delete_logentry"}}, {"model": "auth.permission", "fields": {"name": "Can view log entry", "content_type": ["admin", "logentry"], "codename": "view_logentry"}}, {"model": "auth.permission", "fields": {"name": "Can add permission", "content_type": ["auth", "permission"], "codename": "add_permission"}}, {"model": "auth.permission", "fields": {"name": "Can change permission", "content_type": ["auth", "permission"], "codename": "change_permission"}}, {"model": "auth.permission", "fields": {"name": "Can delete permission", "content_type": ["auth", "permission"], "codename": "delete_permission"}}, {"model": "auth.permission", "fields": {"name": "Can view permission", "content_type": ["auth", "permission"], "codename": "view_permission"}}, {"model": "auth.permission", "fields": {"name": "Can add group", "content_type": ["auth", "group"], "codename": "add_group"}}, {"model": "auth.permission", "fields": {"name": "Can change group", "content_type": ["auth", "group"], "codename": "change_group"}}, {"model": "auth.permission", "fields": {"name": "Can delete group", "content_type": ["auth", "group"], "codename": "delete_group"}}, {"model": "auth.permission", "fields": {"name": "Can view group", "content_type": ["auth", "group"], "codename": "view_group"}}, {"model": "auth.permission", "fields": {"name": "Can add user", "content_type": ["auth", "user"], "codename": "add_user"}}, {"model": "auth.permission", "fields": {"name": "Can change user", "content_type": ["auth", "user"], "codename": "change_user"}}, {"model": "auth.permission", "fields": {"name": "Can delete user", "content_type": ["auth", "user"], "codename": "delete_user"}}, {"model": "auth.permission", "fields": {"name": "Can view user", "content_type": ["auth", "user"], "codename": "view_user"}}, {"model": "auth.permission", "fields": {"name": "Can add content type", "content_type": ["contenttypes", "contenttype"], "codename": "add_contenttype"}}, {"model": "auth.permission", "fields": {"name": "Can change content type", "content_type": ["contenttypes", "contenttype"], "codename": "change_contenttype"}}, {"model": "auth.permission", "fields": {"name": "Can delete content type", "content_type": ["contenttypes", "contenttype"], "codename": "delete_contenttype"}}, {"model": "auth.permission", "fields": {"name": "Can view content type", "content_type": ["contenttypes", "contenttype"], "codename": "view_contenttype"}}, {"model": "auth.permission", "fields": {"name": "Can add session", "content_type": ["sessions", "session"], "codename": "add_session"}}, {"model": "auth.permission", "fields": {"name": "Can change session", "content_type": ["sessions", "session"], "codename": "change_session"}}, {"model": "auth.permission", "fields": {"name": "Can delete session", "content_type": ["sessions", "session"], "codename": "delete_session"}}, {"model": "auth.permission", "fields": {"name": "Can view session", "content_type": ["sessions", "session"], "codename": "view_session"}}, {"model": "auth.permission", "fields": {"name": "Can add book", "content_type": ["organizer", "book"], "codename": "add_book"}}, {"model": "auth.permission", "fields": {"name": "Can change book", "content_type": ["organizer", "book"], "codename": "change_book"}}, {"model": "auth.permission", "fields": {"name": "Can delete book", "content_type": ["organizer", "book"], "codename": "delete_book"}}, {"model": "auth.permission", "fields": {"name": "Can view book", "content_type": ["organizer", "book"], "codename": "view_book"}}, {"model": "auth.permission", "fields": {"name": "Can add subject", "content_type": ["organizer", "subject"], "codename": "add_subject"}}, {"model": "auth.permission", "fields": {"name": "Can change subject", "content_type": ["organizer", "subject"], "codename": "change_subject"}}, {"model": "auth.permission", "fields": {"name": "Can delete subject", "content_type": ["organizer", "subject"], "codename": "delete_subject"}}, {"model": "auth.permission", "fields": {"name": "Can view subject", "content_type": ["organizer", "subject"], "codename": "view_subject"}}, {"model": "auth.permission", "fields": {"name": "Can add daily entry", "content_type": ["organizer", "dailyentry"], "codename": "add_dailyentry"}}, {"model": "auth.permission", "fields": {"name": "Can change daily entry", "content_type": ["organizer", "dailyentry"], "codename": "change_dailyentry"}}, {"model": "auth.permission", "fields": {"name": "Can delete daily entry", "content_type": ["organizer", "dailyentry"], "codename": "delete_dailyentry"}}, {"model": "auth.permission", "fields": {"name": "Can view daily entry", "content_type": ["organizer", "dailyentry"], "codename": "view_dailyentry"}}, {"model": "auth.permission", "fields": {"name": "Can add daily extra", "content_type": ["organizer", "dailyextra"], "codename": "add_dailyextra"}}, {"model": "auth.permission", "fields": {"name": "Can change daily extra", "content_type": ["organizer", "dailyextra"], "codename": "change_dailyextra"}}, {"model": "auth.permission", "fields": {"name": "Can delete daily extra", "content_type": ["organizer", "dailyextra"], "codename": "delete_dailyextra"}}, {"model": "auth.permission", "fields": {"name": "Can view daily extra", "content_type": ["organizer", "dailyextra"], "codename": "view_dailyextra"}}, {"model": "auth.permission", "fields": {"name": "Can add homework entry", "content_type": ["organizer", "homeworkentry"], "codename": "add_homeworkentry"}}, {"model": "auth.permission", "fields": {"name": "Can change homework entry", "content_type": ["organizer", "homeworkentry"], "codename": "change_homeworkentry"}}, {"model": "auth.permission", "fields": {"name": "Can delete homework entry", "content_type": ["organizer", "homeworkentry"], "codename": "delete_homeworkentry"}}, {"model": "auth.permission", "fields": {"name": "Can view homework entry", "content_type": ["organizer", "homeworkentry"], "codename": "view_homeworkentry"}}, {"model": "auth.permission", "fields": {"name": "Can add weekly schedule", "content_type": ["organizer", "weeklyschedule"], "codename": "add_weeklyschedule"}}, {"model": "auth.permission", "fields": {"name": "Can change weekly schedule", "content_type": ["organizer", "weeklyschedule"], "codename": "change_weeklyschedule"}}, {"model": "auth.permission", "fields": {"name": "Can delete weekly schedule", "content_type": ["organizer", "weeklyschedule"], "codename": "delete_weeklyschedule"}}, {"model": "auth.permission", "fields": {"name": "Can view weekly schedule", "content_type": ["organizer", "weeklyschedule"], "codename": "view_weeklyschedule"}}, {"model": "auth.permission", "fields": {"name": "Can add user", "content_type": ["organizer", "user"], "codename": "add_user"}}, {"model": "auth.permission", "fields": {"name": "Can change user", "content_type": ["organizer", "user"], "codename": "change_user"}}, {"model": "auth.permission", "fields": {"name": "Can delete user", "content_type": ["organizer", "user"], "codename": "delete_user"}}, {"model": "auth.permission", "fields": {"name": "Can view user", "content_type": ["organizer", "user"], "codename": "view_user"}}, {"model": "organizer.user", "fields": {"password": "pbkdf2_sha256$1000000$uKCZSyr8O43APpLoBNUjvp$l0KWwwdSLgkcduejhOefSEq6O4qFdGvdGclNPow9bF4=", "last_login": "2025-09-19T16:40:45.083Z", "is_superuser": false, "username": "Steli", "first_name": "", "last_name": "", "is_staff": false, "is_active": true, "date_joined": "2025-09-17T15:23:01.983Z", "role": "admin", "email": "steli.fileva@gmail.com", "groups": [], "user_permissions": []}}, {"model": "organizer.user", "fields": {"password": "", "last_login": null, "is_superuser": false, "username": "testuser", "first_name": "", "last_name": "", "is_staff": false, "is_active": true, "date_joined": "2025-09-17T17:05:00.558Z", "role": "teacher", "email": "test@example.com", "groups": [], "user_permissions": []}}, {"model": "organizer.user", "fields": {"password": "pbkdf2_sha256$1000000$LFZzNpBRfgPLzh6ZxSDkiS$p5x+u0L3QusnxQHunR+SMMeopZzON0uTR8PqEt/YCOQ=", "last_login": "2025-09-19T16:42:52.299Z", "is_superuser": false, "username": "Ned", "first_name": "", "last_name": "", "is_staff": false, "is_active": true, "date_joined": "2025-09-17T17:07:51.278Z", "role": "teacher", "email": "sirkorwin@gmail.com", "groups": [], "user_permissions": []}}, {"model": "organizer.user", "fields": {"password": "", "last_login": null, "is_superuser": false, "username": "teacher2", "first_name": "", "last_name": "", "is_staff": false, "is_active": true, "date_joined": "2025-09-17T17:11:53.562Z", "role": "teacher", "email": "teacher2@example.com", "groups": [], "user_permissions": []}}, {"model": "organizer.subject", "pk": 1, "fields": {"name": "", "created_by": ["Steli"]}}, {"model": "organizer.subject", "pk": 2, "fields": {"name": "", "created_by": ["Steli"]}}, {"model": "organizer.subject", "pk": 3, "fields": {"name": "  ", "created_by": ["Steli"]}}, {"model": "organizer.subject", "pk": 4, "fields": {"name": "  ", "created_by": ["Steli"]}}, {"model": "organizer.subject", "pk": 5, "fields": {"name": "  ", "created_by": ["Steli"]}}, {"model": "organizer.subject", "pk": 6, "fields": {"name": " ", "created_by": ["Steli"]}}, {"model": "organizer.subject", "pk": 7, "fields": {"name": "", "created_by": ["Steli"]}}, {"model": "organizer.subject", "pk": 8, "fields": {"name": "  ", "created_by": ["Steli"]}}, {"model": "organizer.subject", "pk": 9, "fields": {"name": "  ()", "created_by": ["Steli"]}}, {"model": "organizer.subject", "pk": 10, "fields": {"name": "  ", "created_by": ["Steli"]}}, {"model": "organizer.subject", "pk": 11, "fields": {"name": "", "created_by": ["Steli"]}}, {"model": "organizer.subject", "pk": 12, "fields": {"name": "    ", "created_by": ["Steli"]}}, {"model": "organizer.subject", "pk": 13, "fields": {"name": "   ", "created_by": ["Steli"]}}, {"model": "organizer.subject", "pk": 14, "fields": {"name": "", "created_by": ["Steli"]}}, {"model": "organizer.subject", "pk": 15, "fields": {"name": " ", "created_by": ["Steli"]}}, {"model": "organizer.subject", "pk": 16, "fields": {"name": "", "created_by": ["Steli"]}}, {"model": "organizer.subject", "pk": 17, "fields": {"name": " ()", "created_by": ["Steli"]}}, {"model": "organizer.subject", "pk": 19, "fields": {"name": "Test Subject", "created_by": ["testuser"]}}, {"model": "organizer.subject", "pk": 21, "fields": {"name": "bbb", "created_by": ["Ned"]}}, {"model": "organizer.subject", "pk": 26, "fields": {"name": "cccfghfghfghfghfghfghfg fghfghfg dgdfgdfgdfg fghfghfghfghdsfgsdf  sdfsdf sdfsd", "created_by": ["Ned"]}}, {"model": "organizer.subject", "pk": 29, "fields": {"name": "Test Subject for Ned", "created_by": ["Ned"]}}, {"model": "organizer.subject", "pk": 30, "fields": {"name": "Test Subject for Ned from Admin", "created_by": ["Ned"]}}, {"model": "organizer.subject", "pk": 31, "fields": {"name": "Testing2", "created_by": ["testuser"]}}, {"model": "organizer.subject", "pk": 32, "fields": {"name": "API Test Subject for Ned", "created_by": ["Ned"]}}, {"model": "organizer.subject", "pk": 35, "fields": {"name": "testings34", "created_by": ["Ned"]}}, {"model": "organizer.book", "pk": 1, "fields": {"subject": 1, "title": "", "created_by": ["Steli"]}}, {"model": "organizer.book", "pk": 2, "fields": {"subject": 1, "title": "  1", "created_by": ["Steli"]}}, {"model": "organizer.book", "pk": 3, "fields": {"subject": 1, "title": "  2", "created_by": ["Steli"]}}, {"model": "organizer.book", "pk": 4, "fields": {"subject": 1, "title": "", "created_by": ["Steli"]}}, {"model": "organizer.book", "pk": 5, "fields": {"subject": 5, "title": "", "created_by": ["Steli"]}}, {"model": "organizer.book", "pk": 6, "fields": {"subject": 5, "title": " ", "created_by": ["Steli"]}}, {"model": "organizer.book", "pk": 9, "fields": {"subject": 7, "title": "", "created_by": ["Steli"]}}, {"model": "organizer.book", "pk": 10, "fields": {"subject": 8, "title": "", "created_by": ["Steli"]}}, {"model": "organizer.book", "pk": 11, "fields": {"subject": 8, "title": " ", "created_by": ["Steli"]}}, {"model": "organizer.book", "pk": 12, "fields": {"subject": 8, "title": "", "created_by": ["Steli"]}}, {"model": "organizer.book", "pk": 13, "fields": {"subject": 9, "title": "", "created_by": ["Steli"]}}, {"model": "organizer.book", "pk": 14, "fields": {"subject": 10, "title": "", "created_by": ["Steli"]}}, {"model": "organizer.book", "pk": 15, "fields": {"subject": 11, "title": "", "created_by": ["Steli"]}}, {"model": "organizer.book", "pk": 16, "fields": {"subject": 11, "title": " ", "created_by": ["Steli"]}}, {"model": "organizer.book", "pk": 17, "fields": {"subject": 15, "title": "", "created_by": ["Steli"]}}, {"model": "organizer.book", "pk": 18, "fields": {"subject": 16, "title": "", "created_by": ["Steli"]}}, {"model": "organizer.book", "pk": 19, "fields": {"subject": 17, "title": "  ", "created_by": ["Steli"]}}, {"model": "organizer.book", "pk": 20, "fields": {"subject": 12, "title": "", "created_by": ["Steli"]}}, {"model": "organizer.book", "pk": 21, "fields": {"subject": 12, "title": "  1", "created_by": ["Steli"]}}, {"model": "organizer.book", "pk": 22, "fields": {"subject": 12, "title": "  2", "created_by": ["Steli"]}}, {"model": "organizer.book", "pk": 23, "fields": {"subject": 12, "title": "  ", "created_by": ["Steli"]}}, {"model": "organizer.book", "pk": 24, "fields": {"subject": 12, "title": "", "created_by": ["Steli"]}}, {"model": "organizer.book", "pk": 25, "fields": {"subject": 12, "title": "  ", "created_by": ["Steli"]}}, {"model": "organizer.book", "pk": 26, "fields": {"subject": 12, "title": " ", "created_by": ["Steli"]}}, {"model": "organizer.book", "pk": 27, "fields": {"subject": 3, "title": "", "created_by": ["Steli"]}}, {"model": "organizer.book", "pk": 28, "fields": {"subject": 3, "title": "  1", "created_by": ["Steli"]}}, {"model": "organizer.book", "pk": 29, "fields": {"subject": 3, "title": "  2", "created_by": ["Steli"]}}, {"model": "organizer.book", "pk": 30, "fields": {"subject": 3, "title": "  ", "created_by": ["Steli"]}}, {"model": "organizer.book", "pk": 31, "fields": {"subject": 3, "title": "", "created_by": ["Steli"]}}, {"model": "organizer.book", "pk": 32, "fields": {"subject": 3, "title": "  ", "created_by": ["Steli"]}}, {"model": "organizer.book", "pk": 33, "fields": {"subject": 3, "title": " ", "created_by": ["Steli"]}}, {"model": "organizer.book", "pk": 34, "fields": {"subject": 4, "title": "", "created_by": ["Steli"]}}, {"model": "organizer.book", "pk": 35, "fields": {"subject": 4, "title": "  1", "created_by": ["Steli"]}}, {"model": "organizer.book", "pk": 36, "fields": {"subject": 4, "title": "  2", "created_by": ["Steli"]}}, {"model": "organizer.book", "pk": 37, "fields": {"subject": 4, "title": "  ", "created_by": ["Steli"]}}, {"model": "organizer.book", "pk": 38, "fields": {"subject": 4, "title": "", "created_by": ["Steli"]}}, {"model": "organizer.book", "pk": 39, "fields": {"subject": 4, "title": "  ", "created_by": ["Steli"]}}, {"model": "organizer.book", "pk": 40, "fields": {"subject": 4, "title": " ", "created_by": ["Steli"]}}, {"model": "organizer.book", "pk": 41, "fields": {"subject": 13, "title": "", "created_by": ["Steli"]}}, {"model": "organizer.book", "pk": 42, "fields": {"subject": 13, "title": "  1", "created_by": ["Steli"]}}, {"model": "organizer.book", "pk": 43, "fields": {"subject": 13, "title": "  2", "created_by": ["Steli"]}}, {"model": "organizer.book", "pk": 44, "fields": {"subject": 13, "title": "  ", "created_by": ["Steli"]}}, {"model": "organizer.book", "pk": 45, "fields": {"subject": 13, "title": "", "created_by": ["Steli"]}}, {"model": "organizer.book", "pk": 46, "fields": {"subject": 13, "title": "  ", "created_by": ["Steli"]}}, {"model": "organizer.book", "pk": 47, "fields": {"subject": 13, "title": " ", "created_by": ["Steli"]}}, {"model": "organizer.book", "pk": 48, "fields": {"subject": 6, "title": "", "created_by": ["Steli"]}}, {"model": "organizer.book", "pk": 49, "fields": {"subject": 6, "title": "Activity book", "created_by": ["Steli"]}}, {"model": "organizer.book", "pk": 50, "fields": {"subject": 6, "title": "Fun book", "created_by": ["Steli"]}}, {"model": "organizer.book", "pk": 51, "fields": {"subject": 19, "title": "Test Book", "created_by": ["testuser"]}}, {"model": "organizer.book", "pk": 56, "fields": {"subject": 21, "title": "adsasdasdasd asdasd ad as dasdas das", "created_by": ["Ned"]}}, {"model": "organizer.book", "pk": 57, "fields": {"subject": 21, "title": "asdasdasdasdasdasdasdad", "created_by": ["Ned"]}}, {"model": "organizer.book", "pk": 62, "fields": {"subject": 26, "title": "b1", "created_by": ["Ned"]}}, {"model": "organizer.book", "pk": 63, "fields": {"subject": 26, "title": "c1", "created_by": ["Ned"]}}, {"model": "organizer.book", "pk": 66, "fields": {"subject": 30, "title": "Test Book for Ned from Admin", "created_by": ["Ned"]}}, {"model": "organizer.book", "pk": 67, "fields": {"subject": 31, "title": "a2", "created_by": ["testuser"]}}, {"model": "organizer.book", "pk": 68, "fields": {"subject": 32, "title": "API Test Book for Ned", "created_by": ["Ned"]}}, {"model": "organizer.weeklyschedule", "pk": 1, "fields": {"day_of_week": 1, "subject": 1, "position": 0, "created_by": null, "is_active": false, "created_at": "2025-09-17T15:44:20.028Z"}}, {"model": "organizer.weeklyschedule", "pk": 2, "fields": {"day_of_week": 1, "subject": 2, "position": 1, "created_by": null, "is_active": false, "created_at": "2025-09-17T15:44:20.028Z"}}, {"model": "organizer.weeklyschedule", "pk": 3, "fields": {"day_of_week": 1, "subject": 3, "position": 2, "created_by": null, "is_active": false, "created_at": "2025-09-17T15:44:20.028Z"}}, {"model": "organizer.weeklyschedule", "pk": 4, "fields": {"day_of_week": 1, "subject": 4, "position": 3, "created_by": null, "is_active": false, "created_at": "2025-09-17T15:44:20.028Z"}}, {"model": "organizer.weeklyschedule", "pk": 5, "fields": {"day_of_week": 1, "subject": 5, "position": 4, "created_by": null, "is_active": false, "created_at": "2025-09-17T15:44:20.028Z"}}, {"model": "organizer.weeklyschedule", "pk": 6, "fields": {"day_of_week": 1, "subject": 6, "position": 5, "created_by": null, "is_active": false, "created_at": "2025-09-17T15:44:20.028Z"}}, {"model": "organizer.weeklyschedule", "pk": 7, "fields": {"day_of_week": 2, "subject": 4, "position": 0, "created_by": null, "is_active": false, "created_at": "2025-09-17T15:44:20.028Z"}}, {"model": "organizer.weeklyschedule", "pk": 8, "fields": {"day_of_week": 2, "subject": 1, "position": 1, "created_by": null, "is_active": false, "created_at": "2025-09-17T15:44:20.028Z"}}, {"model": "organizer.weeklyschedule", "pk": 9, "fields": {"day_of_week": 2, "subject": 7, "position": 2, "created_by": null, "is_active": false, "created_at": "2025-09-17T15:44:20.028Z"}}, {"model": "organizer.weeklyschedule", "pk": 10, "fields": {"day_of_week": 2, "subject": 8, "position": 3, "created_by": null, "is_active": false, "created_at": "2025-09-17T15:44:20.028Z"}}, {"model": "organizer.weeklyschedule", "pk": 11, "fields": {"day_of_week": 2, "subject": 9, "position": 4, "created_by": null, "is_active": false, "created_at": "2025-09-17T15:44:20.028Z"}}, {"model": "organizer.weeklyschedule", "pk": 12, "fields": {"day_of_week": 2, "subject": 10, "position": 5, "created_by": null, "is_active": false, "created_at": "2025-09-17T15:44:20.028Z"}}, {"model": "organizer.weeklyschedule", "pk": 13, "fields": {"day_of_week": 3, "subject": 11, "position": 0, "created_by": null, "is_active": false, "created_at": "2025-09-17T15:44:20.028Z"}}, {"model": "organizer.weeklyschedule", "pk": 14, "fields": {"day_of_week": 3, "subject": 6, "position": 1, "created_by": null, "is_active": false, "created_at": "2025-09-17T15:44:20.028Z"}}, {"model": "organizer.weeklyschedule", "pk": 15, "fields": {"day_of_week": 3, "subject": 17, "position": 2, "created_by": null, "is_active": false, "created_at": "2025-09-17T15:44:20.028Z"}}, {"model": "organizer.weeklyschedule", "pk": 16, "fields": {"day_of_week": 3, "subject": 12, "position": 3, "created_by": null, "is_active": false, "created_at": "2025-09-17T15:44:20.028Z"}}, {"model": "organizer.weeklyschedule", "pk": 17, "fields": {"day_of_week": 3, "subject": 13, "position": 4, "created_by": null, "is_active": false, "created_at": "2025-09-17T15:44:20.028Z"}}, {"model": "organizer.weeklyschedule", "pk": 18, "fields": {"day_of_week": 3, "subject": 14, "position": 5, "created_by": null, "is_active": false, "created_at": "2025-09-17T15:44:20.028Z"}}, {"model": "organizer.weeklyschedule", "pk": 19, "fields": {"day_of_week": 4, "subject": 15, "position": 0, "created_by": null, "is_active": false, "created_at": "2025-09-17T15:44:20.028Z"}}, {"model": "organizer.weeklyschedule", "pk": 20, "fields": {"day_of_week": 4, "subject": 4, "position": 1, "created_by": null, "is_active": false, "created_at": "2025-09-17T15:44:20.028Z"}}, {"model": "organizer.weeklyschedule", "pk": 21, "fields": {"day_of_week": 4, "subject": 11, "position": 2, "created_by": null, "is_active": false, "created_at": "2025-09-17T15:44:20.028Z"}}, {"model": "organizer.weeklyschedule", "pk": 22, "fields": {"day_of_week": 4, "subject": 1, "position": 3, "created_by": null, "is_active": false, "created_at": "2025-09-17T15:44:20.028Z"}}, {"model": "organizer.weeklyschedule", "pk": 23, "fields": {"day_of_week": 4, "subject": 8, "position": 4, "created_by": null, "is_active": false, "created_at": "2025-09-17T15:44:20.028Z"}}, {"model": "organizer.weeklyschedule", "pk": 24, "fields": {"day_of_week": 4, "subject": 6, "position": 5, "created_by": null, "is_active": false, "created_at": "2025-09-17T15:44:20.028Z"}}, {"model": "organizer.weeklyschedule", "pk": 25, "fields": {"day_of_week": 5, "subject": 3, "position": 0, "created_by": null, "is_active": false, "created_at": "2025-09-17T15:44:20.028Z"}}, {"model": "organizer.weeklyschedule", "pk": 26, "fields": {"day_of_week": 5, "subject": 2, "position": 1, "created_by": null, "is_active": false, "created_at": "2025-09-17T15:44:20.028Z"}}, {"model": "organizer.weeklyschedule", "pk": 27, "fields": {"day_of_week": 5, "subject": 16, "position": 3, "created_by": null, "is_active": false, "created_at": "2025-09-17T15:44:20.028Z"}}, {"model": "organizer.weeklyschedule", "pk": 28, "fields": {"day_of_week": 5, "subject": 7, "position": 4, "created_by": null, "is_active": false, "created_at": "2025-09-17T15:44:20.028Z"}}, {"model": "organizer.weeklyschedule", "pk": 29, "fields": {"day_of_week": 1, "subject": 1, "position": 0, "created_by": ["Steli"], "is_active": true, "created_at": "2025-09-17T16:15:58.448Z"}}, {"model": "organizer.weeklyschedule", "pk": 30, "fields": {"day_of_week": 1, "subject": 2, "position": 1, "created_by": ["Steli"], "is_active": true, "created_at": "2025-09-17T16:15:58.449Z"}}, {"model": "organizer.weeklyschedule", "pk": 31, "fields": {"day_of_week": 1, "subject": 3, "position": 2, "created_by": ["Steli"], "is_active": true, "created_at": "2025-09-17T16:15:58.450Z"}}, {"model": "organizer.weeklyschedule", "pk": 32, "fields": {"day_of_week": 1, "subject": 4, "position": 3, "created_by": ["Steli"], "is_active": true, "created_at": "2025-09-17T16:15:58.451Z"}}, {"model": "organizer.weeklyschedule", "pk": 33, "fields": {"day_of_week": 1, "subject": 5, "position": 4, "created_by": ["Steli"], "is_active": true, "created_at": "2025-09-17T16:15:58.451Z"}}, {"model": "organizer.weeklyschedule", "pk": 34, "fields": {"day_of_week": 1, "subject": 6, "position": 5, "created_by": ["Steli"], "is_active": true, "created_at": "2025-09-17T16:15:58.452Z"}}, {"model": "organizer.weeklyschedule", "pk": 35, "fields": {"day_of_week": 2, "subject": 4, "position": 0, "created_by": ["Steli"], "is_active": true, "created_at": "2025-09-17T16:15:58.453Z"}}, {"model": "organizer.weeklyschedule", "pk": 36, "fields": {"day_of_week": 2, "subject": 1, "position": 1, "created_by": ["Steli"], "is_active": true, "created_at": "2025-09-17T16:15:58.453Z"}}, {"model": "organizer.weeklyschedule", "pk": 37, "fields": {"day_of_week": 2, "subject": 7, "position": 2, "created_by": ["Steli"], "is_active": true, "created_at": "2025-09-17T16:15:58.454Z"}}, {"model": "organizer.weeklyschedule", "pk": 38, "fields": {"day_of_week": 2, "subject": 8, "position": 3, "created_by": ["Steli"], "is_active": true, "created_at": "2025-09-17T16:15:58.454Z"}}, {"model": "organizer.weeklyschedule", "pk": 39, "fields": {"day_of_week": 2, "subject": 9, "position": 4, "created_by": ["Steli"], "is_active": true, "created_at": "2025-09-17T16:15:58.454Z"}}, {"model": "organizer.weeklyschedule", "pk": 40, "fields": {"day_of_week": 2, "subject": 10, "position": 5, "created_by": ["Steli"], "is_active": true, "created_at": "2025-09-17T16:15:58.455Z"}}, {"model": "organizer.weeklyschedule", "pk": 41, "fields": {"day_of_week": 3, "subject": 11, "position": 0, "created_by": ["Steli"], "is_active": true, "created_at": "2025-09-17T16:15:58.455Z"}}, {"model": "organizer.weeklyschedule", "pk": 42, "fields": {"day_of_week": 3, "subject": 6, "position": 1, "created_by": ["Steli"], "is_active": true, "created_at": "2025-09-17T16:15:58.456Z"}}, {"model": "organizer.weeklyschedule", "pk": 43, "fields": {"day_of_week": 3, "subject": 17, "position": 2, "created_by": ["Steli"], "is_active": true, "created_at": "2025-09-17T16:15:58.456Z"}}, {"model": "organizer.weeklyschedule", "pk": 44, "fields": {"day_of_week": 3, "subject": 12, "position": 3, "created_by": ["Steli"], "is_active": true, "created_at": "2025-09-17T16:15:58.457Z"}}, {"model": "organizer.weeklyschedule", "pk": 45, "fields": {"day_of_week": 3, "subject": 13, "position": 4, "created_by": ["Steli"], "is_active": true, "created_at": "2025-09-17T16:15:58.457Z"}}, {"model": "organizer.weeklyschedule", "pk": 46, "fields": {"day_of_week": 3, "subject": 14, "position": 5, "created_by": ["Steli"], "is_active": true, "created_at": "2025-09-17T16:15:58.458Z"}}, {"model": "organizer.weeklyschedule", "pk": 47, "fields": {"day_of_week": 4, "subject": 15, "position": 0, "created_by": ["Steli"], "is_active": true, "created_at": "2025-09-17T16:15:58.458Z"}}, {"model": "organizer.weeklyschedule", "pk": 48, "fields": {"day_of_week": 4, "subject": 4, "position": 1, "created_by": ["Steli"], "is_active": true, "created_at": "2025-09-17T16:15:58.459Z"}}, {"model": "organizer.weeklyschedule", "pk": 49, "fields": {"day_of_week": 4, "subject": 11, "position": 2, "created_by": ["Steli"], "is_active": true, "created_at": "2025-09-17T16:15:58.460Z"}}, {"model": "organizer.weeklyschedule", "pk": 50, "fields": {"day_of_week": 4, "subject": 1, "position": 3, "created_by": ["Steli"], "is_active": true, "created_at": "2025-09-17T16:15:58.460Z"}}, {"model": "organizer.weeklyschedule", "pk": 51, "fields": {"day_of_week": 4, "subject": 8, "position": 4, "created_by": ["Steli"], "is_active": true, "created_at": "2025-09-17T16:15:58.461Z"}}, {"model": "organizer.weeklyschedule", "pk": 52, "fields": {"day_of_week": 4, "subject": 6, "position": 5, "created_by": ["Steli"], "is_active": true, "created_at": "2025-09-17T16:15:58.461Z"}}, {"model": "organizer.weeklyschedule", "pk": 53, "fields": {"day_of_week": 5, "subject": 3, "position": 0, "created_by": ["Steli"], "is_active": true, "created_at": "2025-09-17T16:15:58.462Z"}}, {"model": "organizer.weeklyschedule", "pk": 54, "fields": {"day_of_week": 5, "subject": 2, "position": 1, "created_by": ["Steli"], "is_active": true, "created_at": "2025-09-17T16:15:58.462Z"}}, {"model": "organizer.weeklyschedule", "pk": 55, "fields": {"day_of_week": 5, "subject": 9, "position": 2, "created_by": ["Steli"], "is_active": true, "created_at": "2025-09-17T16:15:58.463Z"}}, {"model": "organizer.weeklyschedule", "pk": 56, "fields": {"day_of_week": 5, "subject": 16, "position": 3, "created_by": ["Steli"], "is_active": true, "created_at": "2025-09-17T16:15:58.463Z"}}, {"model": "organizer.weeklyschedule", "pk": 57, "fields": {"day_of_week": 5, "subject": 7, "position": 4, "created_by": ["Steli"], "is_active": true, "created_at": "2025-09-17T16:15:58.464Z"}}, {"model": "organizer.weeklyschedule", "pk": 58, "fields": {"day_of_week": 1, "subject": 19, "position": 0, "created_by": ["testuser"], "is_active": true, "created_at": "2025-09-17T17:05:00.612Z"}}, {"model": "organizer.weeklyschedule", "pk": 59, "fields": {"day_of_week": 3, "subject": 19, "position": 0, "created_by": ["testuser"], "is_active": true, "created_at": "2025-09-17T17:06:16.865Z"}}, {"model": "organizer.weeklyschedule", "pk": 60, "fields": {"day_of_week": 1, "subject": null, "position": 0, "created_by": ["Ned"], "is_active": false, "created_at": "2025-09-17T17:25:09.375Z"}}, {"model": "organizer.weeklyschedule", "pk": 61, "fields": {"day_of_week": 2, "subject": null, "position": 0, "created_by": ["Ned"], "is_active": false, "created_at": "2025-09-17T17:25:09.377Z"}}, {"model": "organizer.weeklyschedule", "pk": 62, "fields": {"day_of_week": 3, "subject": null, "position": 0, "created_by": ["Ned"], "is_active": false, "created_at": "2025-09-17T17:25:09.378Z"}}, {"model": "organizer.weeklyschedule", "pk": 63, "fields": {"day_of_week": 4, "subject": null, "position": 0, "created_by": ["Ned"], "is_active": false, "created_at": "2025-09-17T17:25:09.378Z"}}, {"model": "organizer.weeklyschedule", "pk": 64, "fields": {"day_of_week": 5, "subject": null, "position": 0, "created_by": ["Ned"], "is_active": false, "created_at": "2025-09-17T17:25:09.378Z"}}, {"model": "organizer.weeklyschedule", "pk": 65, "fields": {"day_of_week": 1, "subject": null, "position": 0, "created_by": ["Ned"], "is_active": false, "created_at": "2025-09-17T17:25:12.982Z"}}, {"model": "organizer.weeklyschedule", "pk": 66, "fields": {"day_of_week": 2, "subject": null, "position": 0, "created_by": ["Ned"], "is_active": false, "created_at": "2025-09-17T17:25:12.982Z"}}, {"model": "organizer.weeklyschedule", "pk": 67, "fields": {"day_of_week": 3, "subject": null, "position": 0, "created_by": ["Ned"], "is_active": false, "created_at": "2025-09-17T17:25:12.982Z"}}, {"model": "organizer.weeklyschedule", "pk": 68, "fields": {"day_of_week": 4, "subject": null, "position": 0, "created_by": ["Ned"], "is_active": false, "created_at": "2025-09-17T17:25:12.983Z"}}, {"model": "organizer.weeklyschedule", "pk": 69, "fields": {"day_of_week": 5, "subject": null, "position": 0, "created_by": ["Ned"], "is_active": false, "created_at": "2025-09-17T17:25:12.983Z"}}, {"model": "organizer.weeklyschedule", "pk": 70, "fields": {"day_of_week": 2, "subject": 29, "position": 1, "created_by": ["Ned"], "is_active": false, "created_at": "2025-09-17T19:47:37.158Z"}}, {"model": "organizer.weeklyschedule", "pk": 71, "fields": {"day_of_week": 3, "subject": 29, "position": 1, "created_by": ["Ned"], "is_active": false, "created_at": "2025-09-17T19:51:18.577Z"}}, {"model": "organizer.weeklyschedule", "pk": 72, "fields": {"day_of_week": 4, "subject": 29, "position": 1, "created_by": ["Ned"], "is_active": false, "created_at": "2025-09-17T19:54:07.517Z"}}, {"model": "organizer.weeklyschedule", "pk": 73, "fields": {"day_of_week": 6, "subject": 29, "position": 1, "created_by": ["Ned"], "is_active": false, "created_at": "2025-09-17T20:00:16.640Z"}}, {"model": "organizer.weeklyschedule", "pk": 74, "fields": {"day_of_week": 1, "subject": null, "position": 0, "created_by": ["Ned"], "is_active": false, "created_at": "2025-09-17T20:12:20.834Z"}}, {"model": "organizer.weeklyschedule", "pk": 75, "fields": {"day_of_week": 2, "subject": null, "position": 0, "created_by": ["Ned"], "is_active": false, "created_at": "2025-09-17T20:12:20.835Z"}}, {"model": "organizer.weeklyschedule", "pk": 76, "fields": {"day_of_week": 3, "subject": null, "position": 0, "created_by": ["Ned"], "is_active": false, "created_at": "2025-09-17T20:12:20.835Z"}}, {"model": "organizer.weeklyschedule", "pk": 77, "fields": {"day_of_week": 4, "subject": null, "position": 0, "created_by": ["Ned"], "is_active": false, "created_at": "2025-09-17T20:12:20.835Z"}}, {"model": "organizer.weeklyschedule", "pk": 78, "fields": {"day_of_week": 5, "subject": null, "position": 0, "created_by": ["Ned"], "is_active": false, "created_at": "2025-09-17T20:12:20.835Z"}}, {"model": "organizer.weeklyschedule", "pk": 79, "fields": {"day_of_week": 1, "subject": 32, "position": 0, "created_by": ["Ned"], "is_active": false, "created_at": "2025-09-17T20:12:20.869Z"}}, {"model": "organizer.weeklyschedule", "pk": 80, "fields": {"day_of_week": 2, "subject": 32, "position": 0, "created_by": ["Ned"], "is_active": false, "created_at": "2025-09-17T20:12:20.870Z"}}, {"model": "organizer.weeklyschedule", "pk": 81, "fields": {"day_of_week": 2, "subject": 32, "position": 0, "created_by": ["Ned"], "is_active": false, "created_at": "2025-09-17T20:12:40.460Z"}}, {"model": "organizer.weeklyschedule", "pk": 82, "fields": {"day_of_week": 1, "subject": null, "position": 0, "created_by": ["Ned"], "is_active": false, "created_at": "2025-09-18T05:56:27.285Z"}}, {"model": "organizer.weeklyschedule", "pk": 83, "fields": {"day_of_week": 2, "subject": null, "position": 0, "created_by": ["Ned"], "is_active": false, "created_at": "2025-09-18T05:56:27.286Z"}}, {"model": "organizer.weeklyschedule", "pk": 84, "fields": {"day_of_week": 3, "subject": null, "position": 0, "created_by": ["Ned"], "is_active": false, "created_at": "2025-09-18T05:56:27.287Z"}}, {"model": "organizer.weeklyschedule", "pk": 85, "fields": {"day_of_week": 4, "subject": null, "position": 0, "created_by": ["Ned"], "is_active": false, "created_at": "2025-09-18T05:56:27.287Z"}}, {"model": "organizer.weeklyschedule", "pk": 86, "fields": {"day_of_week": 5, "subject": null, "position": 0, "created_by": ["Ned"], "is_active": false, "created_at": "2025-09-18T05:56:27.288Z"}}, {"model": "organizer.weeklyschedule", "pk": 87, "fields": {"day_of_week": 1, "subject": 32, "position": 0, "created_by": ["Ned"], "is_active": false, "created_at": "2025-09-18T17:16:30.455Z"}}, {"model": "organizer.weeklyschedule", "pk": 88, "fields": {"day_of_week": 1, "subject": 29, "position": 1, "created_by": ["Ned"], "is_active": false, "created_at": "2025-09-18T17:16:30.458Z"}}, {"model": "organizer.weeklyschedule", "pk": 89, "fields": {"day_of_week": 1, "subject": 30, "position": 2, "created_by": ["Ned"], "is_active": false, "created_at": "2025-09-18T17:16:30.461Z"}}, {"model": "organizer.weeklyschedule", "pk": 90, "fields": {"day_of_week": 1, "subject": 21, "position": 3, "created_by": ["Ned"], "is_active": false, "created_at": "2025-09-18T17:16:30.463Z"}}, {"model": "organizer.weeklyschedule", "pk": 91, "fields": {"day_of_week": 1, "subject": 26, "position": 4, "created_by": ["Ned"], "is_active": false, "created_at": "2025-09-18T17:16:30.465Z"}}, {"model": "organizer.weeklyschedule", "pk": 92, "fields": {"day_of_week": 1, "subject": 32, "position": 0, "created_by": ["Ned"], "is_active": false, "created_at": "2025-09-18T17:17:15.807Z"}}, {"model": "organizer.weeklyschedule", "pk": 93, "fields": {"day_of_week": 1, "subject": 29, "position": 1, "created_by": ["Ned"], "is_active": false, "created_at": "2025-09-18T17:17:15.810Z"}}, {"model": "organizer.weeklyschedule", "pk": 94, "fields": {"day_of_week": 1, "subject": 30, "position": 2, "created_by": ["Ned"], "is_active": false, "created_at": "2025-09-18T17:17:15.812Z"}}, {"model": "organizer.weeklyschedule", "pk": 95, "fields": {"day_of_week": 1, "subject": 32, "position": 0, "created_by": ["Ned"], "is_active": false, "created_at": "2025-09-18T17:21:21.483Z"}}, {"model": "organizer.weeklyschedule", "pk": 96, "fields": {"day_of_week": 1, "subject": 29, "position": 1, "created_by": ["Ned"], "is_active": false, "created_at": "2025-09-18T17:21:21.485Z"}}, {"model": "organizer.weeklyschedule", "pk": 97, "fields": {"day_of_week": 2, "subject": 26, "position": 0, "created_by": ["Ned"], "is_active": false, "created_at": "2025-09-18T17:21:21.486Z"}}, {"model": "organizer.weeklyschedule", "pk": 98, "fields": {"day_of_week": 2, "subject": 21, "position": 1, "created_by": ["Ned"], "is_active": false, "created_at": "2025-09-18T17:21:21.487Z"}}, {"model": "organizer.weeklyschedule", "pk": 99, "fields": {"day_of_week": 2, "subject": 32, "position": 2, "created_by": ["Ned"], "is_active": false, "created_at": "2025-09-18T17:21:21.489Z"}}, {"model": "organizer.weeklyschedule", "pk": 100, "fields": {"day_of_week": 1, "subject": 32, "position": 0, "created_by": ["Ned"], "is_active": false, "created_at": "2025-09-18T17:21:44.091Z"}}, {"model": "organizer.weeklyschedule", "pk": 101, "fields": {"day_of_week": 1, "subject": 29, "position": 1, "created_by": ["Ned"], "is_active": false, "created_at": "2025-09-18T17:21:44.094Z"}}, {"model": "organizer.weeklyschedule", "pk": 102, "fields": {"day_of_week": 2, "subject": 26, "position": 0, "created_by": ["Ned"], "is_active": false, "created_at": "2025-09-18T17:21:44.096Z"}}, {"model": "organizer.weeklyschedule", "pk": 103, "fields": {"day_of_week": 1, "subject": 32, "position": 0, "created_by": ["Ned"], "is_active": false, "created_at": "2025-09-18T17:26:44.328Z"}}, {"model": "organizer.weeklyschedule", "pk": 104, "fields": {"day_of_week": 1, "subject": 30, "position": 1, "created_by": ["Ned"], "is_active": false, "created_at": "2025-09-18T17:26:44.331Z"}}, {"model": "organizer.weeklyschedule", "pk": 105, "fields": {"day_of_week": 1, "subject": 21, "position": 2, "created_by": ["Ned"], "is_active": false, "created_at": "2025-09-18T17:26:44.333Z"}}, {"model": "organizer.weeklyschedule", "pk": 106, "fields": {"day_of_week": 1, "subject": null, "position": 0, "created_by": ["Ned"], "is_active": true, "created_at": "2025-09-18T17:26:47.474Z"}}, {"model": "organizer.weeklyschedule", "pk": 107, "fields": {"day_of_week": 2, "subject": null, "position": 0, "created_by": ["Ned"], "is_active": true, "created_at": "2025-09-18T17:26:47.475Z"}}, {"model": "organizer.weeklyschedule", "pk": 108, "fields": {"day_of_week": 3, "subject": null, "position": 0, "created_by": ["Ned"], "is_active": true, "created_at": "2025-09-18T17:26:47.476Z"}}, {"model": "organizer.weeklyschedule", "pk": 109, "fields": {"day_of_week": 4, "subject": null, "position": 0, "created_by": ["Ned"], "is_active": true, "created_at": "2025-09-18T17:26:47.476Z"}}, {"model": "organizer.weeklyschedule", "pk": 110, "fields": {"day_of_week": 5, "subject": null, "position": 0, "created_by": ["Ned"], "is_active": true, "created_at": "2025-09-18T17:26:47.477Z"}}, {"model": "organizer.dailyentry", "pk": 2, "fields": {"date": "2025-09-16", "subject": 1, "book": 1, "pages": "4-5", "notes": "  : ,  1\r\n     :\r\n ,   8   5 .    ?\r\n ,   0 , 0   1 .    ?\r\n ,   2   2 .    ?\r\n ,   9   9 .    ?\r\n . 4, . 1  ..\r\n   2\r\n\r\n  :  2\r\n  5\r\n   3", "important_notes": " - ", "created_by": ["Steli"]}}, {"model": "organizer.dailyentry", "pk": 3, "fields": {"date": "2025-09-16", "subject": 4, "book": 38, "pages": "4", "notes": "-   : \r\n  . \r\n  4.     \r\n   \r\n           \r\n   .3\r\n\r\n . 5\r\n  :     . \r\n -, \r\n   ,   \r\n   .4\r\n\r\n       ", "important_notes": null, "created_by": ["Steli"]}}, {"model": "organizer.dailyentry", "pk": 4, "fields": {"date": "2025-09-16", "subject": 8, "book": null, "pages": null, "notes": "    2 \r\n  . \r\n     \r\n1. \r\n2.   , \r\n3.  -\r\n4. \r\n5.   , , \r\n6.    , \r\n7.     \r\n8.  \r\n9.   \r\n\r\n      \r\n 30      \r\n    .     ", "important_notes": null, "created_by": ["Steli"]}}, {"model": "organizer.dailyentry", "pk": 5, "fields": {"date": "2025-09-16", "subject": 9, "book": 13, "pages": "4-5", "notes": ":\r\n   \r\n        .          .         .            .      .      .\r\n\r\n  4  5", "important_notes": null, "created_by": ["Steli"]}}, {"model": "organizer.dailyentry", "pk": 6, "fields": {"date": "2025-09-17", "subject": 11, "book": 15, "pages": "5-6", "notes": "-    -     .\r\n-       \r\n-     \" \"", "important_notes": "   1        ", "created_by": ["Steli"]}}, {"model": "organizer.dailyentry", "pk": 7, "fields": {"date": "2025-09-17", "subject": 6, "book": 48, "pages": "6-7", "notes": "      title:\r\n- 17th September 2025 Classwork\r\n- Title: \"Welcome to our zoo\"\r\n\r\n   : \r\n* Hello! I'm ........ - !  .......\r\n* What's your name? -    \r\n* My name is..... -   \r\n* How are you? -   ?\r\n* I'm fine -  \r\n* Thank you! - !\r\n\r\nFun grammar  5", "important_notes": "  2 :\r\n- Hello my name is...\r\n- What's your name?\r\n- How are you?\r\n- I'm fine, thank you!\r\n------------------------------\r\n       \r\n------------------------------\r\n         ", "created_by": ["Steli"]}}, {"model": "organizer.dailyentry", "pk": 8, "fields": {"date": "2025-09-17", "subject": 17, "book": 19, "pages": "4", "notes": "   -   17.09.25.\r\n: \r\n   \r\n1.  5, 8, 2 -    \r\n2.         ?\r\n", "important_notes": " 2      ", "created_by": ["Steli"]}}, {"model": "organizer.dailyentry", "pk": 9, "fields": {"date": "2025-09-17", "subject": 12, "book": 22, "pages": "4-5", "notes": " \r\n ,   ", "important_notes": null, "created_by": ["Steli"]}}, {"model": "organizer.dailyentry", "pk": 10, "fields": {"date": "2025-09-17", "subject": 13, "book": 45, "pages": "98-99", "notes": "    15 \r\n-    98-99.        ", "important_notes": null, "created_by": ["Steli"]}}, {"model": "organizer.dailyentry", "pk": 11, "fields": {"date": "2025-09-17", "subject": 19, "book": 51, "pages": "1-10", "notes": "Test entry", "important_notes": "aaaa 2233\r\nBbb", "created_by": ["testuser"]}}, {"model": "organizer.dailyentry", "pk": 12, "fields": {"date": "2025-09-18", "subject": 29, "book": null, "pages": "234242342342", "notes": "234234234234234234", "important_notes": null, "created_by": ["Ned"]}}, {"model": "organizer.dailyentry", "pk": 13, "fields": {"date": "2025-09-17", "subject": 29, "book": null, "pages": "25", "notes": "Test notes for Ned today", "important_notes": null, "created_by": ["Ned"]}}, {"model": "organizer.dailyentry", "pk": 14, "fields": {"date": "2025-09-20", "subject": 29, "book": null, "pages": "35", "notes": "Test notes for Ned on Saturday", "important_notes": null, "created_by": ["Ned"]}}, {"model": "organizer.dailyentry", "pk": 34, "fields": {"date": "2025-09-18", "subject": 15, "book": null, "pages": null, "notes": "-     . \r\n-       . \r\n-       Scratch", "important_notes": null, "created_by": ["Steli"]}}, {"model": "organizer.dailyentry", "pk": 35, "fields": {"date": "2025-09-18", "subject": 4, "book": 38, "pages": "6-7", "notes": "-      4 ()      . \r\n-      4. \r\n-      5. \r\n-  \" \"  . \r\n- :  :     . \r\n-    -    +  - ", "important_notes": "        ", "created_by": ["Steli"]}}, {"model": "organizer.dailyentry", "pk": 36, "fields": {"date": "2025-09-18", "subject": 11, "book": 15, "pages": "5", "notes": "-  . \r\n-   ", "important_notes": "            ", "created_by": ["Steli"]}}, {"model": "organizer.dailyentry", "pk": 37, "fields": {"date": "2025-09-18", "subject": 1, "book": 1, "pages": "6", "notes": " 3.   2, 3, 5, 7, 8\r\n", "important_notes": null, "created_by": ["Steli"]}}, {"model": "organizer.dailyentry", "pk": 38, "fields": {"date": "2025-09-18", "subject": 8, "book": 10, "pages": "8-9", "notes": "-  :\r\n-    ?\r\n-       - 3 \r\n-     ? - 2 , 22 , 24 , , \r\n-   ? - , , , ,  , ,  ,\r\n-     ?  - ,   \r\n\r\n-   8\r\n-     - , ,  \r\n\r\n-      .      3 ", "important_notes": null, "created_by": ["Steli"]}}, {"model": "organizer.dailyentry", "pk": 40, "fields": {"date": "2025-09-18", "subject": 6, "book": 48, "pages": "8-9", "notes": "   - \r\n-      ,        \r\n-             \r\n-    \r\n", "important_notes": null, "created_by": ["Steli"]}}, {"model": "organizer.dailyentry", "pk": 41, "fields": {"date": "2025-09-19", "subject": 3, "book": 27, "pages": "4-5", "notes": "1.     2-3        . \r\n2. : \r\n-       \r\n- , , , \r\n- . 2 -     \r\n- .3 -    \r\n\r\n3. :\r\n-     ? \r\n-     ?\r\n-    ?\r\n     \r\n\r\n4.    3  -     5  \r\n\r\n5.        \r\n\r\n6.     \r\n\r\n7.        \r\n-    ? - -, -, -\r\n-  ? -   ", "important_notes": null, "created_by": ["Steli"]}}, {"model": "organizer.dailyentry", "pk": 42, "fields": {"date": "2025-09-19", "subject": 9, "book": 13, "pages": "6", "notes": "1.  \r\n\r\n2.    .         ,   ,       .\r\n- \r\n- \r\n- \r\n- \r\n- \r\n- \r\n- \r\n- \r\n\r\n3.    6.  \r\n-     \r\n-      \r\n-      ", "important_notes": null, "created_by": ["Steli"]}}, {"model": "organizer.dailyentry", "pk": 43, "fields": {"date": "2025-09-19", "subject": 16, "book": 18, "pages": "6-7", "notes": "1.  \r\n2.  -     \r\n3.  -    -        ", "important_notes": null, "created_by": ["Steli"]}}, {"model": "organizer.dailyextra", "pk": 8, "fields": {"daily_entry": 3, "book": 39, "pages": "3", "notes": null, "created_by": null}}, {"model": "organizer.dailyextra", "pk": 9, "fields": {"daily_entry": 3, "book": 38, "pages": "5", "notes": null, "created_by": null}}, {"model": "organizer.dailyextra", "pk": 10, "fields": {"daily_entry": 3, "book": 39, "pages": "4", "notes": null, "created_by": null}}, {"model": "organizer.dailyextra", "pk": 13, "fields": {"daily_entry": 2, "book": 2, "pages": "3", "notes": null, "created_by": null}}, {"model": "organizer.dailyextra", "pk": 19, "fields": {"daily_entry": 7, "book": 50, "pages": "5", "notes": null, "created_by": null}}, {"model": "organizer.dailyextra", "pk": 20, "fields": {"daily_entry": 37, "book": 2, "pages": "4", "notes": null, "created_by": ["Steli"]}}, {"model": "organizer.dailyextra", "pk": 21, "fields": {"daily_entry": 38, "book": 11, "pages": "3", "notes": null, "created_by": ["Steli"]}}, {"model": "organizer.dailyextra", "pk": 29, "fields": {"daily_entry": 40, "book": 49, "pages": "3", "notes": null, "created_by": ["Steli"]}}, {"model": "organizer.dailyextra", "pk": 40, "fields": {"daily_entry": 41, "book": 28, "pages": "2-3", "notes": null, "created_by": ["Steli"]}}, {"model": "organizer.dailyextra", "pk": 41, "fields": {"daily_entry": 41, "book": 27, "pages": "6-7", "notes": null, "created_by": ["Steli"]}}, {"model": "organizer.homeworkentry", "pk": 3, "fields": {"daily_entry": 3, "book": 39, "pages": "3-4", "created_by": null}}, {"model": "organizer.homeworkentry", "pk": 10, "fields": {"daily_entry": 5, "book": 13, "pages": "4-5", "created_by": null}}, {"model": "organizer.homeworkentry", "pk": 11, "fields": {"daily_entry": 2, "book": 2, "pages": "3", "created_by": null}}, {"model": "organizer.homeworkentry", "pk": 12, "fields": {"daily_entry": 2, "book": 4, "pages": "3-4", "created_by": null}}, {"model": "organizer.homeworkentry", "pk": 20, "fields": {"daily_entry": 7, "book": 50, "pages": "4-5", "created_by": null}}, {"model": "organizer.homeworkentry", "pk": 21, "fields": {"daily_entry": 7, "book": 49, "pages": "2", "created_by": null}}, {"model": "organizer.homeworkentry", "pk": 22, "fields": {"daily_entry": 8, "book": 19, "pages": "4-5", "created_by": null}}, {"model": "organizer.homeworkentry", "pk": 31, "fields": {"daily_entry": 11, "book": 51, "pages": "7-8", "created_by": ["testuser"]}}, {"model": "organizer.homeworkentry", "pk": 32, "fields": {"daily_entry": 11, "book": 51, "pages": "12", "created_by": ["testuser"]}}, {"model": "organizer.homeworkentry", "pk": 37, "fields": {"daily_entry": 37, "book": 2, "pages": "4", "created_by": ["Steli"]}}, {"model": "organizer.homeworkentry", "pk": 38, "fields": {"daily_entry": 37, "book": 4, "pages": "5", "created_by": ["Steli"]}}, {"model": "organizer.homeworkentry", "pk": 39, "fields": {"daily_entry": 35, "book": 39, "pages": "5", "created_by": ["Steli"]}}, {"model": "organizer.homeworkentry", "pk": 48, "fields": {"daily_entry": 40, "book": 49, "pages": "3-4-5", "created_by": ["Steli"]}}, {"model": "organizer.homeworkentry", "pk": 49, "fields": {"daily_entry": 40, "book": 50, "pages": "6", "created_by": ["Steli"]}}, {"model": "organizer.homeworkentry", "pk": 57, "fields": {"daily_entry": 41, "book": 28, "pages": "3", "created_by": ["Steli"]}}, {"model": "organizer.homeworkentry", "pk": 58, "fields": {"daily_entry": 41, "book": 33, "pages": "4-5", "created_by": ["Steli"]}}, {"model": "organizer.homeworkentry", "pk": 59, "fields": {"daily_entry": 42, "book": 13, "pages": "6-7", "created_by": ["Steli"]}}]